Symbol,Date,indication
BTC,2024-10-14,HOLD
BTC,2024-10-15,HOLD
BTC,2024-10-16,HOLD
BTC,2024-10-17,HOLD
BTC,2024-10-18,HOLD
BTC,2024-10-19,HOLD
BTC,2024-10-20,HOLD
BTC,2024-10-21,HOLD
BTC,2024-10-22,HOLD
BTC,2024-10-23,HOLD
BTC,2024-10-24,HOLD
BTC,2024-10-25,HOLD
BTC,2024-10-26,HOLD
BTC,2024-10-27,HOLD
BTC,2024-10-28,HOLD
BTC,2024-10-29,HOLD
BTC,2024-10-30,HOLD
BTC,2024-10-31,HOLD
BTC,2024-11-01,BUY
BTC,2024-11-02,BUY
BTC,2024-11-03,HOLD
BTC,2024-11-04,HOLD
BTC,2024-11-05,HOLD
BTC,2024-11-06,HOLD
BTC,2024-11-07,HOLD
BTC,2024-11-08,HOLD
BTC,2024-11-09,HOLD
BTC,2024-11-10,HOLD
BTC,2024-11-11,HOLD
BTC,2024-11-12,HOLD
BTC,2024-11-13,HOLD
BTC,2024-11-14,HOLD
BTC,2024-11-15,HOLD
BTC,2024-11-16,HOLD
BTC,2024-11-17,HOLD
BTC,2024-11-18,HOLD
BTC,2024-11-19,HOLD
BTC,2024-11-20,HOLD
BTC,2024-11-21,HOLD
BTC,2024-11-22,HOLD
BTC,2024-11-23,HOLD
BTC,2024-11-24,HOLD
BTC,2024-11-25,HOLD
BTC,2024-11-26,HOLD
BTC,2024-11-27,HOLD
BTC,2024-11-28,HOLD
BTC,2024-11-29,HOLD
BTC,2024-11-30,HOLD
BTC,2024-12-01,HOLD
BTC,2024-12-02,HOLD
BTC,2024-12-03,HOLD
BTC,2024-12-04,HOLD
BTC,2024-12-05,HOLD
BTC,2024-12-06,HOLD
BTC,2024-12-07,HOLD
BTC,2024-12-08,HOLD
BTC,2024-12-09,HOLD
BTC,2025-01-27,HOLD
BTC,2025-01-28,HOLD
BTC,2025-01-29,HOLD
BTC,2025-01-30,HOLD
BTC,2025-01-31,HOLD
BTC,2025-02-01,HOLD
BTC,2025-02-02,HOLD
BTC,2025-02-03,HOLD
BTC,2025-02-04,HOLD
BTC,2025-02-05,HOLD
BTC,2025-02-06,HOLD
BTC,2025-02-07,SELL
BTC,2025-02-08,SELL
BTC,2025-02-09,SELL
BTC,2025-02-10,SELL
BTC,2025-02-11,HOLD
BTC,2025-02-12,HOLD
BTC,2025-02-13,HOLD
BTC,2025-02-14,HOLD
BTC,2025-02-15,SELL
BTC,2025-02-16,SELL
BTC,2025-02-17,HOLD
BTC,2025-02-18,SELL
BTC,2025-02-19,SELL
BTC,2025-02-20,SELL
BTC,2025-02-21,SELL
BTC,2025-02-22,SELL
BTC,2025-02-23,SELL
BTC,2025-02-24,HOLD
BTC,2025-02-25,HOLD
BTC,2025-02-26,HOLD
BTC,2025-02-27,HOLD
BTC,2025-02-28,HOLD
BTC,2025-03-01,HOLD
BTC,2025-03-02,SELL
BTC,2025-03-03,HOLD
BTC,2025-03-04,HOLD
BTC,2025-03-05,SELL
BTC,2025-03-06,HOLD
BTC,2025-03-07,HOLD
BTC,2025-03-08,HOLD
BTC,2025-03-09,HOLD
BTC,2025-03-10,HOLD
BTC,2025-03-11,SELL
BTC,2025-03-12,SELL
BTC,2025-03-13,SELL
BTC,2025-03-14,SELL
BTC,2025-03-15,HOLD
BTC,2025-03-16,HOLD
BTC,2025-03-17,HOLD
BTC,2025-03-18,HOLD
BTC,2025-03-19,HOLD
BTC,2025-03-20,HOLD
BTC,2025-03-21,HOLD
BTC,2025-03-22,HOLD
BTC,2025-03-23,HOLD
BTC,2025-03-24,HOLD
BTC,2025-03-25,HOLD
BTC,2025-03-26,BUY
BTC,2025-03-27,HOLD
BTC,2025-03-28,BUY
BTC,2025-03-29,BUY
BTC,2025-03-30,BUY
BTC,2025-03-31,HOLD
BTC,2025-04-01,HOLD
BTC,2025-04-02,HOLD
BTC,2025-04-03,HOLD
BTC,2025-04-04,HOLD
BTC,2025-04-05,HOLD
BTC,2025-04-06,HOLD
BTC,2025-04-07,HOLD
BTC,2025-04-08,HOLD
BTC,2025-04-09,SELL
BTC,2025-04-10,HOLD
BTC,2025-04-11,HOLD
BTC,2025-04-12,HOLD
BTC,2025-04-13,HOLD
BTC,2025-04-14,HOLD
BTC,2025-04-15,HOLD
BTC,2025-04-16,HOLD
BTC,2025-04-17,BUY
BTC,2025-04-18,BUY
BTC,2025-04-19,BUY
BTC,2025-04-20,HOLD
BTC,2025-04-21,HOLD
BTC,2025-04-22,HOLD
BTC,2025-04-23,HOLD
BTC,2025-04-24,HOLD
BTC,2025-04-25,HOLD
BTC,2025-04-26,HOLD
BTC,2025-04-27,HOLD
BTC,2025-04-28,HOLD
BTC,2025-04-29,HOLD
BTC,2025-04-30,HOLD
BTC,2025-05-01,HOLD
BTC,2025-05-02,HOLD
BTC,2025-05-03,HOLD
BTC,2025-05-04,HOLD
BTC,2025-05-05,HOLD
BTC,2025-05-06,HOLD
BTC,2025-05-07,HOLD
BTC,2025-05-08,HOLD
BTC,2025-05-09,HOLD
BTC,2025-05-10,HOLD
BTC,2025-05-11,HOLD
BTC,2025-05-12,HOLD
BTC,2025-05-13,HOLD
BTC,2025-05-14,HOLD
BTC,2025-05-15,HOLD
BTC,2025-05-16,HOLD
BTC,2025-05-17,HOLD
BTC,2025-05-18,HOLD
BTC,2025-05-19,HOLD
BTC,2025-05-20,HOLD
BTC,2025-05-21,HOLD
BTC,2025-05-22,HOLD
BTC,2025-05-23,HOLD
BTC,2025-05-24,HOLD
BTC,2025-05-25,HOLD
BTC,2025-05-26,HOLD
BTC,2025-05-27,HOLD
BTC,2025-05-28,HOLD
BTC,2025-05-29,HOLD
BTC,2025-05-30,HOLD
BTC,2025-05-31,HOLD
BTC,2025-06-01,HOLD
BTC,2025-06-02,HOLD
BTC,2025-06-03,HOLD
BTC,2025-06-04,HOLD
BTC,2025-06-05,HOLD
BTC,2025-06-06,HOLD
BTC,2025-06-07,SELL
BTC,2025-06-08,SELL
BTC,2025-06-09,SELL
BTC,2025-06-10,BUY
BTC,2025-06-11,BUY
BTC,2025-06-12,HOLD
BTC,2025-06-13,HOLD
BTC,2025-06-14,HOLD
BTC,2025-06-15,HOLD
BTC,2025-06-16,HOLD
BTC,2025-06-17,SELL
BTC,2025-06-18,SELL
BTC,2025-06-19,SELL
BTC,2025-06-20,SELL
BTC,2025-06-21,HOLD
BTC,2025-06-22,HOLD
BTC,2025-06-23,HOLD
BTC,2025-06-24,SELL
BTC,2025-06-25,SELL
BTC,2025-06-26,HOLD
BTC,2025-06-27,HOLD
BTC,2025-06-28,HOLD
BTC,2025-06-29,BUY
BTC,2025-06-30,BUY
BTC,2025-07-01,BUY
BTC,2025-07-02,HOLD
BTC,2025-07-03,HOLD
BTC,2025-07-04,HOLD
BTC,2025-07-05,HOLD
BTC,2025-07-06,HOLD
BTC,2025-07-07,HOLD
BTC,2025-07-08,HOLD
BTC,2025-07-09,HOLD
BTC,2025-07-10,HOLD
BTC,2025-07-11,HOLD
BTC,2025-07-12,HOLD
BTC,2025-07-13,HOLD
BTC,2025-07-14,HOLD
BTC,2025-07-15,HOLD
BTC,2025-07-16,HOLD
BTC,2025-07-17,HOLD
BTC,2025-07-18,HOLD
BTC,2025-07-19,HOLD
BTC,2025-07-20,HOLD
BTC,2025-07-21,HOLD
BTC,2025-07-22,HOLD
BTC,2025-07-23,HOLD
BTC,2025-07-24,HOLD
BTC,2025-07-25,HOLD
BTC,2025-07-26,HOLD
BTC,2025-07-27,HOLD
BTC,2025-07-28,HOLD
BTC,2025-07-29,HOLD
BTC,2025-07-30,HOLD
BTC,2025-07-31,HOLD
BTC,2025-08-01,HOLD
BTC,2025-08-02,HOLD
BTC,2025-08-03,HOLD
BTC,2025-08-04,SELL
BTC,2025-08-05,HOLD
BTC,2025-08-06,SELL
BTC,2025-08-07,SELL
BTC,2025-08-08,SELL
BTC,2025-08-09,SELL
BTC,2025-08-10,SELL
BTC,2025-08-11,HOLD
BTC,2025-08-12,BUY
BTC,2025-08-13,HOLD
BTC,2025-08-14,BUY
BTC,2025-08-15,BUY
BTC,2025-08-16,HOLD
BTC,2025-08-17,HOLD
BTC,2025-08-18,HOLD
BTC,2025-08-19,HOLD
BTC,2025-08-20,SELL
BTC,2025-08-21,HOLD
BTC,2025-08-22,SELL
BTC,2025-08-23,SELL
BTC,2025-08-24,HOLD
BTC,2025-08-25,HOLD
BTC,2025-08-26,HOLD
BTC,2025-08-27,HOLD
BTC,2025-08-28,HOLD
BTC,2025-08-29,HOLD
BTC,2025-08-30,HOLD
BTC,2025-08-31,HOLD
BTC,2025-09-01,HOLD
BTC,2025-09-02,SELL
BTC,2025-09-03,SELL
BTC,2025-09-04,SELL
BTC,2025-09-05,HOLD
BTC,2025-09-06,HOLD
BTC,2025-09-07,HOLD
BTC,2025-09-08,HOLD
BTC,2025-09-09,HOLD
BTC,2025-09-10,HOLD
BTC,2025-09-11,HOLD
BTC,2025-09-12,HOLD
BTC,2025-09-13,HOLD
BTC,2025-09-14,HOLD
BTC,2025-09-15,HOLD
BTC,2025-09-16,HOLD
BTC,2025-09-17,HOLD
BTC,2025-09-18,HOLD
BTC,2025-09-19,HOLD
BTC,2025-09-20,HOLD
BTC,2025-09-21,HOLD
BTC,2025-09-22,BUY
BTC,2025-09-23,HOLD
BTC,2025-09-24,HOLD
BTC,2025-09-25,HOLD
BTC,2025-09-26,HOLD
BTC,2025-09-27,HOLD
BTC,2025-09-28,HOLD
BTC,2025-09-29,SELL
BTC,2025-09-30,SELL
BTC,2025-10-01,HOLD
BTC,2025-10-02,BUY
BTC,2025-10-03,HOLD
BTC,2025-10-04,HOLD
BTC,2025-10-05,HOLD
BTC,2025-10-06,HOLD
BTC,2025-10-07,HOLD
BTC,2025-10-08,HOLD
BTC,2025-10-09,HOLD
BTC,2025-10-10,BUY
BTC,2025-10-11,HOLD
BTC,2025-10-12,HOLD
BTC,2025-10-13,HOLD
BTC,2025-10-14,HOLD
DOGE,2024-10-14,SELL
DOGE,2024-10-15,HOLD
DOGE,2024-10-16,HOLD
DOGE,2024-10-17,HOLD
DOGE,2024-10-18,HOLD
DOGE,2024-10-19,HOLD
DOGE,2024-10-20,HOLD
DOGE,2024-10-21,HOLD
DOGE,2024-10-22,HOLD
DOGE,2024-10-23,HOLD
DOGE,2024-10-24,HOLD
DOGE,2024-10-25,HOLD
DOGE,2024-10-26,HOLD
DOGE,2024-10-27,HOLD
DOGE,2024-10-28,HOLD
DOGE,2024-10-29,HOLD
DOGE,2024-10-30,HOLD
DOGE,2024-10-31,HOLD
DOGE,2024-11-01,HOLD
DOGE,2024-11-02,HOLD
DOGE,2024-11-03,BUY
DOGE,2024-11-04,HOLD
DOGE,2024-11-05,HOLD
DOGE,2024-11-06,HOLD
DOGE,2024-11-07,HOLD
DOGE,2024-11-08,HOLD
DOGE,2024-11-09,HOLD
DOGE,2024-11-10,HOLD
DOGE,2024-11-11,HOLD
DOGE,2024-11-12,HOLD
DOGE,2024-11-13,HOLD
DOGE,2024-11-14,HOLD
DOGE,2024-11-15,HOLD
DOGE,2024-11-16,HOLD
DOGE,2024-11-17,HOLD
DOGE,2024-11-18,HOLD
DOGE,2024-11-19,HOLD
DOGE,2024-11-20,HOLD
DOGE,2024-11-21,HOLD
DOGE,2024-11-22,HOLD
DOGE,2024-11-23,HOLD
DOGE,2024-11-24,HOLD
DOGE,2024-11-25,HOLD
DOGE,2024-11-26,HOLD
DOGE,2024-11-27,HOLD
DOGE,2024-11-28,HOLD
DOGE,2024-11-29,HOLD
DOGE,2024-11-30,HOLD
DOGE,2024-12-01,HOLD
DOGE,2024-12-02,HOLD
DOGE,2024-12-03,HOLD
DOGE,2024-12-04,HOLD
DOGE,2024-12-05,HOLD
DOGE,2024-12-06,HOLD
DOGE,2024-12-07,HOLD
DOGE,2024-12-08,HOLD
DOGE,2024-12-09,HOLD
DOGE,2025-01-27,HOLD
DOGE,2025-01-28,HOLD
DOGE,2025-01-29,HOLD
DOGE,2025-01-30,HOLD
DOGE,2025-01-31,HOLD
DOGE,2025-02-01,HOLD
DOGE,2025-02-02,HOLD
DOGE,2025-02-03,HOLD
DOGE,2025-02-04,HOLD
DOGE,2025-02-05,HOLD
DOGE,2025-02-06,HOLD
DOGE,2025-02-07,HOLD
DOGE,2025-02-08,HOLD
DOGE,2025-02-09,HOLD
DOGE,2025-02-10,HOLD
DOGE,2025-02-11,HOLD
DOGE,2025-02-12,HOLD
DOGE,2025-02-13,HOLD
DOGE,2025-02-14,HOLD
DOGE,2025-02-15,HOLD
DOGE,2025-02-16,HOLD
DOGE,2025-02-17,HOLD
DOGE,2025-02-18,HOLD
DOGE,2025-02-19,HOLD
DOGE,2025-02-20,HOLD
DOGE,2025-02-21,HOLD
DOGE,2025-02-22,HOLD
DOGE,2025-02-23,HOLD
DOGE,2025-02-24,HOLD
DOGE,2025-02-25,HOLD
DOGE,2025-02-26,HOLD
DOGE,2025-02-27,HOLD
DOGE,2025-02-28,HOLD
DOGE,2025-03-01,HOLD
DOGE,2025-03-02,HOLD
DOGE,2025-03-03,HOLD
DOGE,2025-03-04,HOLD
DOGE,2025-03-05,HOLD
DOGE,2025-03-06,HOLD
DOGE,2025-03-07,HOLD
DOGE,2025-03-08,HOLD
DOGE,2025-03-09,HOLD
DOGE,2025-03-10,HOLD
DOGE,2025-03-11,HOLD
DOGE,2025-03-12,HOLD
DOGE,2025-03-13,HOLD
DOGE,2025-03-14,HOLD
DOGE,2025-03-15,HOLD
DOGE,2025-03-16,HOLD
DOGE,2025-03-17,HOLD
DOGE,2025-03-18,HOLD
DOGE,2025-03-19,HOLD
DOGE,2025-03-20,HOLD
DOGE,2025-03-21,HOLD
DOGE,2025-03-22,HOLD
DOGE,2025-03-23,HOLD
DOGE,2025-03-24,HOLD
DOGE,2025-03-25,HOLD
DOGE,2025-03-26,HOLD
DOGE,2025-03-27,HOLD
DOGE,2025-03-28,HOLD
DOGE,2025-03-29,HOLD
DOGE,2025-03-30,BUY
DOGE,2025-03-31,HOLD
DOGE,2025-04-01,HOLD
DOGE,2025-04-02,HOLD
DOGE,2025-04-03,HOLD
DOGE,2025-04-04,HOLD
DOGE,2025-04-05,HOLD
DOGE,2025-04-06,SELL
DOGE,2025-04-07,HOLD
DOGE,2025-04-08,HOLD
DOGE,2025-04-09,HOLD
DOGE,2025-04-10,HOLD
DOGE,2025-04-11,HOLD
DOGE,2025-04-12,HOLD
DOGE,2025-04-13,HOLD
DOGE,2025-04-14,HOLD
DOGE,2025-04-15,HOLD
DOGE,2025-04-16,HOLD
DOGE,2025-04-17,HOLD
DOGE,2025-04-18,HOLD
DOGE,2025-04-19,HOLD
DOGE,2025-04-20,HOLD
DOGE,2025-04-21,HOLD
DOGE,2025-04-22,HOLD
DOGE,2025-04-23,HOLD
DOGE,2025-04-24,HOLD
DOGE,2025-04-25,HOLD
DOGE,2025-04-26,HOLD
DOGE,2025-04-27,HOLD
DOGE,2025-04-28,HOLD
DOGE,2025-04-29,HOLD
DOGE,2025-04-30,HOLD
DOGE,2025-05-01,HOLD
DOGE,2025-05-02,HOLD
DOGE,2025-05-03,HOLD
DOGE,2025-05-04,HOLD
DOGE,2025-05-05,HOLD
DOGE,2025-05-06,HOLD
DOGE,2025-05-07,HOLD
DOGE,2025-05-08,HOLD
DOGE,2025-05-09,HOLD
DOGE,2025-05-10,HOLD
DOGE,2025-05-11,HOLD
DOGE,2025-05-12,HOLD
DOGE,2025-05-13,HOLD
DOGE,2025-05-14,HOLD
DOGE,2025-05-15,HOLD
DOGE,2025-05-16,HOLD
DOGE,2025-05-17,HOLD
DOGE,2025-05-18,HOLD
DOGE,2025-05-19,HOLD
DOGE,2025-05-20,HOLD
DOGE,2025-05-21,HOLD
DOGE,2025-05-22,HOLD
DOGE,2025-05-23,HOLD
DOGE,2025-05-24,HOLD
DOGE,2025-05-25,HOLD
DOGE,2025-05-26,HOLD
DOGE,2025-05-27,HOLD
DOGE,2025-05-28,HOLD
DOGE,2025-05-29,HOLD
DOGE,2025-05-30,HOLD
DOGE,2025-05-31,HOLD
DOGE,2025-06-01,HOLD
DOGE,2025-06-02,HOLD
DOGE,2025-06-03,HOLD
DOGE,2025-06-04,HOLD
DOGE,2025-06-05,HOLD
DOGE,2025-06-06,HOLD
DOGE,2025-06-07,HOLD
DOGE,2025-06-08,HOLD
DOGE,2025-06-09,HOLD
DOGE,2025-06-10,HOLD
DOGE,2025-06-11,HOLD
DOGE,2025-06-12,HOLD
DOGE,2025-06-13,HOLD
DOGE,2025-06-14,HOLD
DOGE,2025-06-15,HOLD
DOGE,2025-06-16,SELL
DOGE,2025-06-17,HOLD
DOGE,2025-06-18,HOLD
DOGE,2025-06-19,SELL
DOGE,2025-06-20,HOLD
DOGE,2025-06-21,HOLD
DOGE,2025-06-22,HOLD
DOGE,2025-06-23,HOLD
DOGE,2025-06-24,HOLD
DOGE,2025-06-25,HOLD
DOGE,2025-06-26,HOLD
DOGE,2025-06-27,HOLD
DOGE,2025-06-28,HOLD
DOGE,2025-06-29,HOLD
DOGE,2025-06-30,HOLD
DOGE,2025-07-01,HOLD
DOGE,2025-07-02,HOLD
DOGE,2025-07-03,HOLD
DOGE,2025-07-04,HOLD
DOGE,2025-07-05,HOLD
DOGE,2025-07-06,HOLD
DOGE,2025-07-07,HOLD
DOGE,2025-07-08,HOLD
DOGE,2025-07-09,HOLD
DOGE,2025-07-10,HOLD
DOGE,2025-07-11,HOLD
DOGE,2025-07-12,HOLD
DOGE,2025-07-13,HOLD
DOGE,2025-07-14,HOLD
DOGE,2025-07-15,HOLD
DOGE,2025-07-16,HOLD
DOGE,2025-07-17,HOLD
DOGE,2025-07-18,HOLD
DOGE,2025-07-19,HOLD
DOGE,2025-07-20,HOLD
DOGE,2025-07-21,HOLD
DOGE,2025-07-22,HOLD
DOGE,2025-07-23,HOLD
DOGE,2025-07-24,HOLD
DOGE,2025-07-25,HOLD
DOGE,2025-07-26,HOLD
DOGE,2025-07-27,HOLD
DOGE,2025-07-28,HOLD
DOGE,2025-07-29,HOLD
DOGE,2025-07-30,HOLD
DOGE,2025-07-31,HOLD
DOGE,2025-08-01,HOLD
DOGE,2025-08-02,HOLD
DOGE,2025-08-03,HOLD
DOGE,2025-08-04,HOLD
DOGE,2025-08-05,HOLD
DOGE,2025-08-06,HOLD
DOGE,2025-08-07,SELL
DOGE,2025-08-08,SELL
DOGE,2025-08-09,HOLD
DOGE,2025-08-10,HOLD
DOGE,2025-08-11,HOLD
DOGE,2025-08-12,BUY
DOGE,2025-08-13,BUY
DOGE,2025-08-14,BUY
DOGE,2025-08-15,BUY
DOGE,2025-08-16,HOLD
DOGE,2025-08-17,HOLD
DOGE,2025-08-18,HOLD
DOGE,2025-08-19,HOLD
DOGE,2025-08-20,HOLD
DOGE,2025-08-21,HOLD
DOGE,2025-08-22,HOLD
DOGE,2025-08-23,BUY
DOGE,2025-08-24,BUY
DOGE,2025-08-25,HOLD
DOGE,2025-08-26,HOLD
DOGE,2025-08-27,HOLD
DOGE,2025-08-28,HOLD
DOGE,2025-08-29,HOLD
DOGE,2025-08-30,SELL
DOGE,2025-08-31,SELL
DOGE,2025-09-01,SELL
DOGE,2025-09-02,SELL
DOGE,2025-09-03,SELL
DOGE,2025-09-04,SELL
DOGE,2025-09-05,HOLD
DOGE,2025-09-06,SELL
DOGE,2025-09-07,HOLD
DOGE,2025-09-08,HOLD
DOGE,2025-09-09,HOLD
DOGE,2025-09-10,HOLD
DOGE,2025-09-11,HOLD
DOGE,2025-09-12,HOLD
DOGE,2025-09-13,HOLD
DOGE,2025-09-14,HOLD
DOGE,2025-09-15,HOLD
DOGE,2025-09-16,HOLD
DOGE,2025-09-17,HOLD
DOGE,2025-09-18,HOLD
DOGE,2025-09-19,HOLD
DOGE,2025-09-20,HOLD
DOGE,2025-09-21,HOLD
DOGE,2025-09-22,HOLD
DOGE,2025-09-23,HOLD
DOGE,2025-09-24,HOLD
DOGE,2025-09-25,HOLD
DOGE,2025-09-26,HOLD
DOGE,2025-09-27,HOLD
DOGE,2025-09-28,HOLD
DOGE,2025-09-29,HOLD
DOGE,2025-09-30,HOLD
DOGE,2025-10-01,HOLD
DOGE,2025-10-02,SELL
DOGE,2025-10-03,HOLD
DOGE,2025-10-04,HOLD
DOGE,2025-10-05,HOLD
DOGE,2025-10-06,HOLD
DOGE,2025-10-07,BUY
DOGE,2025-10-08,BUY
DOGE,2025-10-09,HOLD
DOGE,2025-10-10,HOLD
DOGE,2025-10-11,HOLD
DOGE,2025-10-12,SELL
DOGE,2025-10-13,SELL
DOGE,2025-10-14,SELL
ETH,2024-10-14,HOLD
ETH,2024-10-15,HOLD
ETH,2024-10-16,HOLD
ETH,2024-10-17,HOLD
ETH,2024-10-18,HOLD
ETH,2024-10-19,HOLD
ETH,2024-10-20,HOLD
ETH,2024-10-21,HOLD
ETH,2024-10-22,HOLD
ETH,2024-10-23,BUY
ETH,2024-10-24,HOLD
ETH,2024-10-25,HOLD
ETH,2024-10-26,HOLD
ETH,2024-10-27,HOLD
ETH,2024-10-28,HOLD
ETH,2024-10-29,HOLD
ETH,2024-10-30,BUY
ETH,2024-10-31,HOLD
ETH,2024-11-01,HOLD
ETH,2024-11-02,HOLD
ETH,2024-11-03,HOLD
ETH,2024-11-04,HOLD
ETH,2024-11-05,HOLD
ETH,2024-11-06,HOLD
ETH,2024-11-07,HOLD
ETH,2024-11-08,HOLD
ETH,2024-11-09,HOLD
ETH,2024-11-10,HOLD
ETH,2024-11-11,HOLD
ETH,2024-11-12,HOLD
ETH,2024-11-13,HOLD
ETH,2024-11-14,HOLD
ETH,2024-11-15,HOLD
ETH,2024-11-16,HOLD
ETH,2024-11-17,HOLD
ETH,2024-11-18,HOLD
ETH,2024-11-19,HOLD
ETH,2024-11-20,HOLD
ETH,2024-11-21,HOLD
ETH,2024-11-22,HOLD
ETH,2024-11-23,HOLD
ETH,2024-11-24,BUY
ETH,2024-11-25,BUY
ETH,2024-11-26,BUY
ETH,2024-11-27,HOLD
ETH,2024-11-28,HOLD
ETH,2024-11-29,HOLD
ETH,2024-11-30,HOLD
ETH,2024-12-01,HOLD
ETH,2024-12-02,HOLD
ETH,2024-12-03,HOLD
ETH,2024-12-04,HOLD
ETH,2024-12-05,HOLD
ETH,2024-12-06,HOLD
ETH,2024-12-07,HOLD
ETH,2024-12-08,HOLD
ETH,2024-12-09,BUY
ETH,2025-01-27,HOLD
ETH,2025-01-28,HOLD
ETH,2025-01-29,HOLD
ETH,2025-01-30,HOLD
ETH,2025-01-31,HOLD
ETH,2025-02-01,HOLD
ETH,2025-02-02,HOLD
ETH,2025-02-03,HOLD
ETH,2025-02-04,HOLD
ETH,2025-02-05,HOLD
ETH,2025-02-06,HOLD
ETH,2025-02-07,HOLD
ETH,2025-02-08,HOLD
ETH,2025-02-09,HOLD
ETH,2025-02-10,HOLD
ETH,2025-02-11,HOLD
ETH,2025-02-12,HOLD
ETH,2025-02-13,HOLD
ETH,2025-02-14,HOLD
ETH,2025-02-15,HOLD
ETH,2025-02-16,HOLD
ETH,2025-02-17,HOLD
ETH,2025-02-18,HOLD
ETH,2025-02-19,HOLD
ETH,2025-02-20,HOLD
ETH,2025-02-21,HOLD
ETH,2025-02-22,HOLD
ETH,2025-02-23,HOLD
ETH,2025-02-24,HOLD
ETH,2025-02-25,HOLD
ETH,2025-02-26,HOLD
ETH,2025-02-27,HOLD
ETH,2025-02-28,HOLD
ETH,2025-03-01,HOLD
ETH,2025-03-02,SELL
ETH,2025-03-03,HOLD
ETH,2025-03-04,HOLD
ETH,2025-03-05,HOLD
ETH,2025-03-06,HOLD
ETH,2025-03-07,HOLD
ETH,2025-03-08,HOLD
ETH,2025-03-09,HOLD
ETH,2025-03-10,HOLD
ETH,2025-03-11,HOLD
ETH,2025-03-12,HOLD
ETH,2025-03-13,HOLD
ETH,2025-03-14,HOLD
ETH,2025-03-15,SELL
ETH,2025-03-16,HOLD
ETH,2025-03-17,HOLD
ETH,2025-03-18,HOLD
ETH,2025-03-19,HOLD
ETH,2025-03-20,HOLD
ETH,2025-03-21,HOLD
ETH,2025-03-22,HOLD
ETH,2025-03-23,HOLD
ETH,2025-03-24,HOLD
ETH,2025-03-25,HOLD
ETH,2025-03-26,HOLD
ETH,2025-03-27,HOLD
ETH,2025-03-28,HOLD
ETH,2025-03-29,HOLD
ETH,2025-03-30,HOLD
ETH,2025-03-31,HOLD
ETH,2025-04-01,HOLD
ETH,2025-04-02,HOLD
ETH,2025-04-03,HOLD
ETH,2025-04-04,HOLD
ETH,2025-04-05,HOLD
ETH,2025-04-06,HOLD
ETH,2025-04-07,HOLD
ETH,2025-04-08,HOLD
ETH,2025-04-09,HOLD
ETH,2025-04-10,HOLD
ETH,2025-04-11,HOLD
ETH,2025-04-12,SELL
ETH,2025-04-13,SELL
ETH,2025-04-14,HOLD
ETH,2025-04-15,HOLD
ETH,2025-04-16,HOLD
ETH,2025-04-17,HOLD
ETH,2025-04-18,HOLD
ETH,2025-04-19,HOLD
ETH,2025-04-20,HOLD
ETH,2025-04-21,HOLD
ETH,2025-04-22,HOLD
ETH,2025-04-23,HOLD
ETH,2025-04-24,HOLD
ETH,2025-04-25,HOLD
ETH,2025-04-26,HOLD
ETH,2025-04-27,HOLD
ETH,2025-04-28,HOLD
ETH,2025-04-29,HOLD
ETH,2025-04-30,HOLD
ETH,2025-05-01,HOLD
ETH,2025-05-02,HOLD
ETH,2025-05-03,HOLD
ETH,2025-05-04,HOLD
ETH,2025-05-05,HOLD
ETH,2025-05-06,BUY
ETH,2025-05-07,BUY
ETH,2025-05-08,HOLD
ETH,2025-05-09,HOLD
ETH,2025-05-10,HOLD
ETH,2025-05-11,HOLD
ETH,2025-05-12,HOLD
ETH,2025-05-13,HOLD
ETH,2025-05-14,HOLD
ETH,2025-05-15,HOLD
ETH,2025-05-16,HOLD
ETH,2025-05-17,HOLD
ETH,2025-05-18,HOLD
ETH,2025-05-19,HOLD
ETH,2025-05-20,HOLD
ETH,2025-05-21,HOLD
ETH,2025-05-22,HOLD
ETH,2025-05-23,HOLD
ETH,2025-05-24,HOLD
ETH,2025-05-25,HOLD
ETH,2025-05-26,HOLD
ETH,2025-05-27,HOLD
ETH,2025-05-28,HOLD
ETH,2025-05-29,HOLD
ETH,2025-05-30,HOLD
ETH,2025-05-31,HOLD
ETH,2025-06-01,HOLD
ETH,2025-06-02,HOLD
ETH,2025-06-03,HOLD
ETH,2025-06-04,HOLD
ETH,2025-06-05,HOLD
ETH,2025-06-06,HOLD
ETH,2025-06-07,SELL
ETH,2025-06-08,SELL
ETH,2025-06-09,SELL
ETH,2025-06-10,HOLD
ETH,2025-06-11,BUY
ETH,2025-06-12,HOLD
ETH,2025-06-13,HOLD
ETH,2025-06-14,HOLD
ETH,2025-06-15,HOLD
ETH,2025-06-16,HOLD
ETH,2025-06-17,HOLD
ETH,2025-06-18,SELL
ETH,2025-06-19,SELL
ETH,2025-06-20,SELL
ETH,2025-06-21,HOLD
ETH,2025-06-22,HOLD
ETH,2025-06-23,HOLD
ETH,2025-06-24,HOLD
ETH,2025-06-25,HOLD
ETH,2025-06-26,HOLD
ETH,2025-06-27,SELL
ETH,2025-06-28,SELL
ETH,2025-06-29,SELL
ETH,2025-06-30,HOLD
ETH,2025-07-01,SELL
ETH,2025-07-02,HOLD
ETH,2025-07-03,HOLD
ETH,2025-07-04,HOLD
ETH,2025-07-05,HOLD
ETH,2025-07-06,HOLD
ETH,2025-07-07,HOLD
ETH,2025-07-08,HOLD
ETH,2025-07-09,HOLD
ETH,2025-07-10,HOLD
ETH,2025-07-11,HOLD
ETH,2025-07-12,HOLD
ETH,2025-07-13,HOLD
ETH,2025-07-14,HOLD
ETH,2025-07-15,HOLD
ETH,2025-07-16,HOLD
ETH,2025-07-17,HOLD
ETH,2025-07-18,HOLD
ETH,2025-07-19,HOLD
ETH,2025-07-20,HOLD
ETH,2025-07-21,HOLD
ETH,2025-07-22,HOLD
ETH,2025-07-23,HOLD
ETH,2025-07-24,HOLD
ETH,2025-07-25,HOLD
ETH,2025-07-26,HOLD
ETH,2025-07-27,HOLD
ETH,2025-07-28,HOLD
ETH,2025-07-29,HOLD
ETH,2025-07-30,HOLD
ETH,2025-07-31,HOLD
ETH,2025-08-01,HOLD
ETH,2025-08-02,HOLD
ETH,2025-08-03,HOLD
ETH,2025-08-04,HOLD
ETH,2025-08-05,HOLD
ETH,2025-08-06,HOLD
ETH,2025-08-07,HOLD
ETH,2025-08-08,HOLD
ETH,2025-08-09,HOLD
ETH,2025-08-10,HOLD
ETH,2025-08-11,HOLD
ETH,2025-08-12,HOLD
ETH,2025-08-13,HOLD
ETH,2025-08-14,HOLD
ETH,2025-08-15,HOLD
ETH,2025-08-16,HOLD
ETH,2025-08-17,HOLD
ETH,2025-08-18,HOLD
ETH,2025-08-19,HOLD
ETH,2025-08-20,HOLD
ETH,2025-08-21,HOLD
ETH,2025-08-22,HOLD
ETH,2025-08-23,HOLD
ETH,2025-08-24,HOLD
ETH,2025-08-25,HOLD
ETH,2025-08-26,HOLD
ETH,2025-08-27,HOLD
ETH,2025-08-28,HOLD
ETH,2025-08-29,HOLD
ETH,2025-08-30,HOLD
ETH,2025-08-31,HOLD
ETH,2025-09-01,HOLD
ETH,2025-09-02,HOLD
ETH,2025-09-03,HOLD
ETH,2025-09-04,SELL
ETH,2025-09-05,HOLD
ETH,2025-09-06,HOLD
ETH,2025-09-07,HOLD
ETH,2025-09-08,SELL
ETH,2025-09-09,HOLD
ETH,2025-09-10,SELL
ETH,2025-09-11,SELL
ETH,2025-09-12,SELL
ETH,2025-09-13,HOLD
ETH,2025-09-14,BUY
ETH,2025-09-15,HOLD
ETH,2025-09-16,HOLD
ETH,2025-09-17,BUY
ETH,2025-09-18,HOLD
ETH,2025-09-19,HOLD
ETH,2025-09-20,HOLD
ETH,2025-09-21,HOLD
ETH,2025-09-22,HOLD
ETH,2025-09-23,SELL
ETH,2025-09-24,SELL
ETH,2025-09-25,HOLD
ETH,2025-09-26,HOLD
ETH,2025-09-27,HOLD
ETH,2025-09-28,HOLD
ETH,2025-09-29,HOLD
ETH,2025-09-30,HOLD
ETH,2025-10-01,SELL
ETH,2025-10-02,HOLD
ETH,2025-10-03,HOLD
ETH,2025-10-04,HOLD
ETH,2025-10-05,BUY
ETH,2025-10-06,HOLD
ETH,2025-10-07,HOLD
ETH,2025-10-08,HOLD
ETH,2025-10-09,HOLD
ETH,2025-10-10,HOLD
ETH,2025-10-11,SELL
ETH,2025-10-12,SELL
ETH,2025-10-13,SELL
ETH,2025-10-14,SELL
HBAR,2024-10-14,HOLD
HBAR,2024-10-15,SELL
HBAR,2024-10-16,HOLD
HBAR,2024-10-17,SELL
HBAR,2024-10-18,SELL
HBAR,2024-10-19,SELL
HBAR,2024-10-20,HOLD
HBAR,2024-10-21,HOLD
HBAR,2024-10-22,HOLD
HBAR,2024-10-23,SELL
HBAR,2024-10-24,SELL
HBAR,2024-10-25,SELL
HBAR,2024-10-26,SELL
HBAR,2024-10-27,SELL
HBAR,2024-10-28,HOLD
HBAR,2024-10-29,HOLD
HBAR,2024-10-30,HOLD
HBAR,2024-10-31,HOLD
HBAR,2024-11-01,HOLD
HBAR,2024-11-02,HOLD
HBAR,2024-11-03,HOLD
HBAR,2024-11-04,HOLD
HBAR,2024-11-05,HOLD
HBAR,2024-11-06,SELL
HBAR,2024-11-07,HOLD
HBAR,2024-11-08,HOLD
HBAR,2024-11-09,HOLD
HBAR,2024-11-10,HOLD
HBAR,2024-11-11,HOLD
HBAR,2024-11-12,HOLD
HBAR,2024-11-13,HOLD
HBAR,2024-11-14,HOLD
HBAR,2024-11-15,HOLD
HBAR,2024-11-16,HOLD
HBAR,2024-11-17,HOLD
HBAR,2024-11-18,HOLD
HBAR,2024-11-19,HOLD
HBAR,2024-11-20,HOLD
HBAR,2024-11-21,HOLD
HBAR,2024-11-22,HOLD
HBAR,2024-11-23,HOLD
HBAR,2024-11-24,HOLD
HBAR,2024-11-25,HOLD
HBAR,2024-11-26,HOLD
HBAR,2024-11-27,HOLD
HBAR,2024-11-28,HOLD
HBAR,2024-11-29,HOLD
HBAR,2024-11-30,HOLD
HBAR,2024-12-01,HOLD
HBAR,2024-12-02,HOLD
HBAR,2024-12-03,HOLD
HBAR,2024-12-04,HOLD
HBAR,2024-12-05,HOLD
HBAR,2024-12-06,HOLD
HBAR,2024-12-07,HOLD
HBAR,2024-12-08,HOLD
HBAR,2024-12-09,HOLD
HBAR,2025-01-27,HOLD
HBAR,2025-01-28,HOLD
HBAR,2025-01-29,HOLD
HBAR,2025-01-30,HOLD
HBAR,2025-01-31,HOLD
HBAR,2025-02-01,HOLD
HBAR,2025-02-02,HOLD
HBAR,2025-02-03,HOLD
HBAR,2025-02-04,HOLD
HBAR,2025-02-05,HOLD
HBAR,2025-02-06,HOLD
HBAR,2025-02-07,HOLD
HBAR,2025-02-08,HOLD
HBAR,2025-02-09,HOLD
HBAR,2025-02-10,HOLD
HBAR,2025-02-11,HOLD
HBAR,2025-02-12,HOLD
HBAR,2025-02-13,HOLD
HBAR,2025-02-14,HOLD
HBAR,2025-02-15,HOLD
HBAR,2025-02-16,HOLD
HBAR,2025-02-17,HOLD
HBAR,2025-02-18,HOLD
HBAR,2025-02-19,HOLD
HBAR,2025-02-20,SELL
HBAR,2025-02-21,SELL
HBAR,2025-02-22,SELL
HBAR,2025-02-23,SELL
HBAR,2025-02-24,HOLD
HBAR,2025-02-25,HOLD
HBAR,2025-02-26,HOLD
HBAR,2025-02-27,HOLD
HBAR,2025-02-28,SELL
HBAR,2025-03-01,HOLD
HBAR,2025-03-02,HOLD
HBAR,2025-03-03,HOLD
HBAR,2025-03-04,BUY
HBAR,2025-03-05,BUY
HBAR,2025-03-06,BUY
HBAR,2025-03-07,BUY
HBAR,2025-03-08,BUY
HBAR,2025-03-09,HOLD
HBAR,2025-03-10,HOLD
HBAR,2025-03-11,SELL
HBAR,2025-03-12,SELL
HBAR,2025-03-13,SELL
HBAR,2025-03-14,SELL
HBAR,2025-03-15,HOLD
HBAR,2025-03-16,HOLD
HBAR,2025-03-17,HOLD
HBAR,2025-03-18,HOLD
HBAR,2025-03-19,HOLD
HBAR,2025-03-20,HOLD
HBAR,2025-03-21,HOLD
HBAR,2025-03-22,HOLD
HBAR,2025-03-23,SELL
HBAR,2025-03-24,SELL
HBAR,2025-03-25,HOLD
HBAR,2025-03-26,HOLD
HBAR,2025-03-27,HOLD
HBAR,2025-03-28,HOLD
HBAR,2025-03-29,HOLD
HBAR,2025-03-30,SELL
HBAR,2025-03-31,HOLD
HBAR,2025-04-01,SELL
HBAR,2025-04-02,HOLD
HBAR,2025-04-03,HOLD
HBAR,2025-04-04,HOLD
HBAR,2025-04-05,HOLD
HBAR,2025-04-06,HOLD
HBAR,2025-04-07,HOLD
HBAR,2025-04-08,HOLD
HBAR,2025-04-09,SELL
HBAR,2025-04-10,HOLD
HBAR,2025-04-11,HOLD
HBAR,2025-04-12,HOLD
HBAR,2025-04-13,HOLD
HBAR,2025-04-14,HOLD
HBAR,2025-04-15,HOLD
HBAR,2025-04-16,HOLD
HBAR,2025-04-17,HOLD
HBAR,2025-04-18,HOLD
HBAR,2025-04-19,HOLD
HBAR,2025-04-20,HOLD
HBAR,2025-04-21,HOLD
HBAR,2025-04-22,HOLD
HBAR,2025-04-23,BUY
HBAR,2025-04-24,HOLD
HBAR,2025-04-25,HOLD
HBAR,2025-04-26,HOLD
HBAR,2025-04-27,HOLD
HBAR,2025-04-28,HOLD
HBAR,2025-04-29,HOLD
HBAR,2025-04-30,HOLD
HBAR,2025-05-01,HOLD
HBAR,2025-05-02,HOLD
HBAR,2025-05-03,HOLD
HBAR,2025-05-04,HOLD
HBAR,2025-05-05,HOLD
HBAR,2025-05-06,HOLD
HBAR,2025-05-07,HOLD
HBAR,2025-05-08,HOLD
HBAR,2025-05-09,BUY
HBAR,2025-05-10,HOLD
HBAR,2025-05-11,BUY
HBAR,2025-05-12,HOLD
HBAR,2025-05-13,HOLD
HBAR,2025-05-14,HOLD
HBAR,2025-05-15,BUY
HBAR,2025-05-16,BUY
HBAR,2025-05-17,HOLD
HBAR,2025-05-18,HOLD
HBAR,2025-05-19,HOLD
HBAR,2025-05-20,HOLD
HBAR,2025-05-21,HOLD
HBAR,2025-05-22,HOLD
HBAR,2025-05-23,HOLD
HBAR,2025-05-24,HOLD
HBAR,2025-05-25,HOLD
HBAR,2025-05-26,HOLD
HBAR,2025-05-27,HOLD
HBAR,2025-05-28,HOLD
HBAR,2025-05-29,HOLD
HBAR,2025-05-30,HOLD
HBAR,2025-05-31,HOLD
HBAR,2025-06-01,HOLD
HBAR,2025-06-02,HOLD
HBAR,2025-06-03,HOLD
HBAR,2025-06-04,HOLD
HBAR,2025-06-05,HOLD
HBAR,2025-06-06,HOLD
HBAR,2025-06-07,HOLD
HBAR,2025-06-08,HOLD
HBAR,2025-06-09,SELL
HBAR,2025-06-10,HOLD
HBAR,2025-06-11,HOLD
HBAR,2025-06-12,HOLD
HBAR,2025-06-13,HOLD
HBAR,2025-06-14,HOLD
HBAR,2025-06-15,HOLD
HBAR,2025-06-16,SELL
HBAR,2025-06-17,HOLD
HBAR,2025-06-18,HOLD
HBAR,2025-06-19,SELL
HBAR,2025-06-20,HOLD
HBAR,2025-06-21,HOLD
HBAR,2025-06-22,HOLD
HBAR,2025-06-23,HOLD
HBAR,2025-06-24,HOLD
HBAR,2025-06-25,HOLD
HBAR,2025-06-26,HOLD
HBAR,2025-06-27,HOLD
HBAR,2025-06-28,HOLD
HBAR,2025-06-29,HOLD
HBAR,2025-06-30,HOLD
HBAR,2025-07-01,HOLD
HBAR,2025-07-02,HOLD
HBAR,2025-07-03,HOLD
HBAR,2025-07-04,HOLD
HBAR,2025-07-05,HOLD
HBAR,2025-07-06,HOLD
HBAR,2025-07-07,BUY
HBAR,2025-07-08,BUY
HBAR,2025-07-09,HOLD
HBAR,2025-07-10,HOLD
HBAR,2025-07-11,HOLD
HBAR,2025-07-12,HOLD
HBAR,2025-07-13,HOLD
HBAR,2025-07-14,HOLD
HBAR,2025-07-15,HOLD
HBAR,2025-07-16,HOLD
HBAR,2025-07-17,HOLD
HBAR,2025-07-18,HOLD
HBAR,2025-07-19,HOLD
HBAR,2025-07-20,HOLD
HBAR,2025-07-21,HOLD
HBAR,2025-07-22,HOLD
HBAR,2025-07-23,HOLD
HBAR,2025-07-24,HOLD
HBAR,2025-07-25,HOLD
HBAR,2025-07-26,HOLD
HBAR,2025-07-27,HOLD
HBAR,2025-07-28,HOLD
HBAR,2025-07-29,HOLD
HBAR,2025-07-30,HOLD
HBAR,2025-07-31,HOLD
HBAR,2025-08-01,HOLD
HBAR,2025-08-02,HOLD
HBAR,2025-08-03,HOLD
HBAR,2025-08-04,HOLD
HBAR,2025-08-05,HOLD
HBAR,2025-08-06,HOLD
HBAR,2025-08-07,SELL
HBAR,2025-08-08,SELL
HBAR,2025-08-09,HOLD
HBAR,2025-08-10,HOLD
HBAR,2025-08-11,HOLD
HBAR,2025-08-12,SELL
HBAR,2025-08-13,HOLD
HBAR,2025-08-14,SELL
HBAR,2025-08-15,SELL
HBAR,2025-08-16,SELL
HBAR,2025-08-17,SELL
HBAR,2025-08-18,SELL
HBAR,2025-08-19,SELL
HBAR,2025-08-20,SELL
HBAR,2025-08-21,HOLD
HBAR,2025-08-22,SELL
HBAR,2025-08-23,SELL
HBAR,2025-08-24,SELL
HBAR,2025-08-25,SELL
HBAR,2025-08-26,SELL
HBAR,2025-08-27,SELL
HBAR,2025-08-28,SELL
HBAR,2025-08-29,SELL
HBAR,2025-08-30,HOLD
HBAR,2025-08-31,HOLD
HBAR,2025-09-01,HOLD
HBAR,2025-09-02,SELL
HBAR,2025-09-03,SELL
HBAR,2025-09-04,HOLD
HBAR,2025-09-05,HOLD
HBAR,2025-09-06,HOLD
HBAR,2025-09-07,HOLD
HBAR,2025-09-08,SELL
HBAR,2025-09-09,HOLD
HBAR,2025-09-10,HOLD
HBAR,2025-09-11,HOLD
HBAR,2025-09-12,HOLD
HBAR,2025-09-13,HOLD
HBAR,2025-09-14,HOLD
HBAR,2025-09-15,HOLD
HBAR,2025-09-16,HOLD
HBAR,2025-09-17,HOLD
HBAR,2025-09-18,HOLD
HBAR,2025-09-19,HOLD
HBAR,2025-09-20,HOLD
HBAR,2025-09-21,HOLD
HBAR,2025-09-22,HOLD
HBAR,2025-09-23,HOLD
HBAR,2025-09-24,HOLD
HBAR,2025-09-25,HOLD
HBAR,2025-09-26,HOLD
HBAR,2025-09-27,HOLD
HBAR,2025-09-28,HOLD
HBAR,2025-09-29,HOLD
HBAR,2025-09-30,HOLD
HBAR,2025-10-01,HOLD
HBAR,2025-10-02,HOLD
HBAR,2025-10-03,HOLD
HBAR,2025-10-04,HOLD
HBAR,2025-10-05,HOLD
HBAR,2025-10-06,HOLD
HBAR,2025-10-07,HOLD
HBAR,2025-10-08,HOLD
HBAR,2025-10-09,SELL
HBAR,2025-10-10,HOLD
HBAR,2025-10-11,HOLD
HBAR,2025-10-12,HOLD
HBAR,2025-10-13,SELL
HBAR,2025-10-14,SELL
QNT,2024-10-14,HOLD
QNT,2024-10-15,SELL
QNT,2024-10-16,SELL
QNT,2024-10-17,HOLD
QNT,2024-10-18,HOLD
QNT,2024-10-19,HOLD
QNT,2024-10-20,SELL
QNT,2024-10-21,SELL
QNT,2024-10-22,HOLD
QNT,2024-10-23,SELL
QNT,2024-10-24,SELL
QNT,2024-10-25,HOLD
QNT,2024-10-26,HOLD
QNT,2024-10-27,SELL
QNT,2024-10-28,HOLD
QNT,2024-10-29,HOLD
QNT,2024-10-30,HOLD
QNT,2024-10-31,HOLD
QNT,2024-11-01,HOLD
QNT,2024-11-02,HOLD
QNT,2024-11-03,HOLD
QNT,2024-11-04,HOLD
QNT,2024-11-05,HOLD
QNT,2024-11-06,HOLD
QNT,2024-11-07,HOLD
QNT,2024-11-08,HOLD
QNT,2024-11-09,HOLD
QNT,2024-11-10,HOLD
QNT,2024-11-11,HOLD
QNT,2024-11-12,BUY
QNT,2024-11-13,BUY
QNT,2024-11-14,BUY
QNT,2024-11-15,HOLD
QNT,2024-11-16,HOLD
QNT,2024-11-17,HOLD
QNT,2024-11-18,HOLD
QNT,2024-11-19,HOLD
QNT,2024-11-20,HOLD
QNT,2024-11-21,HOLD
QNT,2024-11-22,HOLD
QNT,2024-11-23,HOLD
QNT,2024-11-24,HOLD
QNT,2024-11-25,HOLD
QNT,2024-11-26,HOLD
QNT,2024-11-27,HOLD
QNT,2024-11-28,HOLD
QNT,2024-11-29,HOLD
QNT,2024-11-30,BUY
QNT,2024-12-01,HOLD
QNT,2024-12-02,HOLD
QNT,2024-12-03,HOLD
QNT,2024-12-04,HOLD
QNT,2024-12-05,HOLD
QNT,2024-12-06,HOLD
QNT,2024-12-07,HOLD
QNT,2024-12-08,HOLD
QNT,2024-12-09,HOLD
QNT,2025-01-27,HOLD
QNT,2025-01-28,HOLD
QNT,2025-01-29,HOLD
QNT,2025-01-30,HOLD
QNT,2025-01-31,HOLD
QNT,2025-02-01,SELL
QNT,2025-02-02,HOLD
QNT,2025-02-03,HOLD
QNT,2025-02-04,HOLD
QNT,2025-02-05,HOLD
QNT,2025-02-06,HOLD
QNT,2025-02-07,HOLD
QNT,2025-02-08,HOLD
QNT,2025-02-09,HOLD
QNT,2025-02-10,HOLD
QNT,2025-02-11,SELL
QNT,2025-02-12,SELL
QNT,2025-02-13,HOLD
QNT,2025-02-14,HOLD
QNT,2025-02-15,HOLD
QNT,2025-02-16,HOLD
QNT,2025-02-17,HOLD
QNT,2025-02-18,HOLD
QNT,2025-02-19,HOLD
QNT,2025-02-20,HOLD
QNT,2025-02-21,HOLD
QNT,2025-02-22,HOLD
QNT,2025-02-23,HOLD
QNT,2025-02-24,HOLD
QNT,2025-02-25,HOLD
QNT,2025-02-26,BUY
QNT,2025-02-27,BUY
QNT,2025-02-28,BUY
QNT,2025-03-01,BUY
QNT,2025-03-02,BUY
QNT,2025-03-03,BUY
QNT,2025-03-04,HOLD
QNT,2025-03-05,HOLD
QNT,2025-03-06,SELL
QNT,2025-03-07,HOLD
QNT,2025-03-08,SELL
QNT,2025-03-09,HOLD
QNT,2025-03-10,SELL
QNT,2025-03-11,HOLD
QNT,2025-03-12,HOLD
QNT,2025-03-13,HOLD
QNT,2025-03-14,HOLD
QNT,2025-03-15,HOLD
QNT,2025-03-16,HOLD
QNT,2025-03-17,HOLD
QNT,2025-03-18,HOLD
QNT,2025-03-19,HOLD
QNT,2025-03-20,HOLD
QNT,2025-03-21,HOLD
QNT,2025-03-22,HOLD
QNT,2025-03-23,HOLD
QNT,2025-03-24,HOLD
QNT,2025-03-25,HOLD
QNT,2025-03-26,HOLD
QNT,2025-03-27,HOLD
QNT,2025-03-28,HOLD
QNT,2025-03-29,HOLD
QNT,2025-03-30,HOLD
QNT,2025-03-31,HOLD
QNT,2025-04-01,HOLD
QNT,2025-04-02,HOLD
QNT,2025-04-03,HOLD
QNT,2025-04-04,HOLD
QNT,2025-04-05,HOLD
QNT,2025-04-06,HOLD
QNT,2025-04-07,HOLD
QNT,2025-04-08,HOLD
QNT,2025-04-09,HOLD
QNT,2025-04-10,HOLD
QNT,2025-04-11,HOLD
QNT,2025-04-12,HOLD
QNT,2025-04-13,HOLD
QNT,2025-04-14,HOLD
QNT,2025-04-15,HOLD
QNT,2025-04-16,HOLD
QNT,2025-04-17,HOLD
QNT,2025-04-18,HOLD
QNT,2025-04-19,HOLD
QNT,2025-04-20,HOLD
QNT,2025-04-21,HOLD
QNT,2025-04-22,HOLD
QNT,2025-04-23,HOLD
QNT,2025-04-24,HOLD
QNT,2025-04-25,HOLD
QNT,2025-04-26,HOLD
QNT,2025-04-27,HOLD
QNT,2025-04-28,HOLD
QNT,2025-04-29,HOLD
QNT,2025-04-30,HOLD
QNT,2025-05-01,HOLD
QNT,2025-05-02,HOLD
QNT,2025-05-03,HOLD
QNT,2025-05-04,HOLD
QNT,2025-05-05,HOLD
QNT,2025-05-06,HOLD
QNT,2025-05-07,HOLD
QNT,2025-05-08,HOLD
QNT,2025-05-09,HOLD
QNT,2025-05-10,HOLD
QNT,2025-05-11,HOLD
QNT,2025-05-12,HOLD
QNT,2025-05-13,HOLD
QNT,2025-05-14,HOLD
QNT,2025-05-15,HOLD
QNT,2025-05-16,HOLD
QNT,2025-05-17,HOLD
QNT,2025-05-18,HOLD
QNT,2025-05-19,HOLD
QNT,2025-05-20,HOLD
QNT,2025-05-21,HOLD
QNT,2025-05-22,HOLD
QNT,2025-05-23,HOLD
QNT,2025-05-24,HOLD
QNT,2025-05-25,HOLD
QNT,2025-05-26,HOLD
QNT,2025-05-27,HOLD
QNT,2025-05-28,HOLD
QNT,2025-05-29,HOLD
QNT,2025-05-30,HOLD
QNT,2025-05-31,HOLD
QNT,2025-06-01,HOLD
QNT,2025-06-02,HOLD
QNT,2025-06-03,HOLD
QNT,2025-06-04,HOLD
QNT,2025-06-05,HOLD
QNT,2025-06-06,HOLD
QNT,2025-06-07,HOLD
QNT,2025-06-08,HOLD
QNT,2025-06-09,HOLD
QNT,2025-06-10,HOLD
QNT,2025-06-11,BUY
QNT,2025-06-12,HOLD
QNT,2025-06-13,HOLD
QNT,2025-06-14,HOLD
QNT,2025-06-15,HOLD
QNT,2025-06-16,HOLD
QNT,2025-06-17,HOLD
QNT,2025-06-18,HOLD
QNT,2025-06-19,HOLD
QNT,2025-06-20,HOLD
QNT,2025-06-21,HOLD
QNT,2025-06-22,HOLD
QNT,2025-06-23,HOLD
QNT,2025-06-24,HOLD
QNT,2025-06-25,HOLD
QNT,2025-06-26,HOLD
QNT,2025-06-27,SELL
QNT,2025-06-28,HOLD
QNT,2025-06-29,HOLD
QNT,2025-06-30,HOLD
QNT,2025-07-01,HOLD
QNT,2025-07-02,HOLD
QNT,2025-07-03,BUY
QNT,2025-07-04,BUY
QNT,2025-07-05,HOLD
QNT,2025-07-06,HOLD
QNT,2025-07-07,HOLD
QNT,2025-07-08,HOLD
QNT,2025-07-09,HOLD
QNT,2025-07-10,HOLD
QNT,2025-07-11,HOLD
QNT,2025-07-12,BUY
QNT,2025-07-13,BUY
QNT,2025-07-14,BUY
QNT,2025-07-15,HOLD
QNT,2025-07-16,HOLD
QNT,2025-07-17,BUY
QNT,2025-07-18,HOLD
QNT,2025-07-19,HOLD
QNT,2025-07-20,HOLD
QNT,2025-07-21,HOLD
QNT,2025-07-22,HOLD
QNT,2025-07-23,BUY
QNT,2025-07-24,BUY
QNT,2025-07-25,BUY
QNT,2025-07-26,HOLD
QNT,2025-07-27,HOLD
QNT,2025-07-28,BUY
QNT,2025-07-29,HOLD
QNT,2025-07-30,HOLD
QNT,2025-07-31,HOLD
QNT,2025-08-01,HOLD
QNT,2025-08-02,HOLD
QNT,2025-08-03,SELL
QNT,2025-08-04,HOLD
QNT,2025-08-05,HOLD
QNT,2025-08-06,HOLD
QNT,2025-08-07,HOLD
QNT,2025-08-08,SELL
QNT,2025-08-09,SELL
QNT,2025-08-10,HOLD
QNT,2025-08-11,HOLD
QNT,2025-08-12,SELL
QNT,2025-08-13,SELL
QNT,2025-08-14,SELL
QNT,2025-08-15,SELL
QNT,2025-08-16,SELL
QNT,2025-08-17,SELL
QNT,2025-08-18,SELL
QNT,2025-08-19,SELL
QNT,2025-08-20,SELL
QNT,2025-08-21,SELL
QNT,2025-08-22,SELL
QNT,2025-08-23,HOLD
QNT,2025-08-24,HOLD
QNT,2025-08-25,HOLD
QNT,2025-08-26,HOLD
QNT,2025-08-27,HOLD
QNT,2025-08-28,SELL
QNT,2025-08-29,HOLD
QNT,2025-08-30,SELL
QNT,2025-08-31,SELL
QNT,2025-09-01,HOLD
QNT,2025-09-02,SELL
QNT,2025-09-03,SELL
QNT,2025-09-04,SELL
QNT,2025-09-05,HOLD
QNT,2025-09-06,HOLD
QNT,2025-09-07,HOLD
QNT,2025-09-08,SELL
QNT,2025-09-09,HOLD
QNT,2025-09-10,SELL
QNT,2025-09-11,HOLD
QNT,2025-09-12,HOLD
QNT,2025-09-13,HOLD
QNT,2025-09-14,HOLD
QNT,2025-09-15,HOLD
QNT,2025-09-16,HOLD
QNT,2025-09-17,HOLD
QNT,2025-09-18,HOLD
QNT,2025-09-19,HOLD
QNT,2025-09-20,HOLD
QNT,2025-09-21,HOLD
QNT,2025-09-22,HOLD
QNT,2025-09-23,SELL
QNT,2025-09-24,SELL
QNT,2025-09-25,HOLD
QNT,2025-09-26,HOLD
QNT,2025-09-27,HOLD
QNT,2025-09-28,HOLD
QNT,2025-09-29,HOLD
QNT,2025-09-30,HOLD
QNT,2025-10-01,HOLD
QNT,2025-10-02,BUY
QNT,2025-10-03,BUY
QNT,2025-10-04,BUY
QNT,2025-10-05,BUY
QNT,2025-10-06,HOLD
QNT,2025-10-07,BUY
QNT,2025-10-08,BUY
QNT,2025-10-09,HOLD
QNT,2025-10-10,HOLD
QNT,2025-10-11,HOLD
QNT,2025-10-12,SELL
QNT,2025-10-13,HOLD
QNT,2025-10-14,HOLD
SOL,2024-10-14,BUY
SOL,2024-10-15,BUY
SOL,2024-10-16,HOLD
SOL,2024-10-17,HOLD
SOL,2024-10-18,HOLD
SOL,2024-10-19,HOLD
SOL,2024-10-20,HOLD
SOL,2024-10-21,HOLD
SOL,2024-10-22,HOLD
SOL,2024-10-23,HOLD
SOL,2024-10-24,HOLD
SOL,2024-10-25,HOLD
SOL,2024-10-26,HOLD
SOL,2024-10-27,HOLD
SOL,2024-10-28,HOLD
SOL,2024-10-29,HOLD
SOL,2024-10-30,HOLD
SOL,2024-10-31,HOLD
SOL,2024-11-01,HOLD
SOL,2024-11-02,HOLD
SOL,2024-11-03,HOLD
SOL,2024-11-04,HOLD
SOL,2024-11-05,HOLD
SOL,2024-11-06,HOLD
SOL,2024-11-07,HOLD
SOL,2024-11-08,HOLD
SOL,2024-11-09,HOLD
SOL,2024-11-10,HOLD
SOL,2024-11-11,HOLD
SOL,2024-11-12,HOLD
SOL,2024-11-13,HOLD
SOL,2024-11-14,HOLD
SOL,2024-11-15,HOLD
SOL,2024-11-16,HOLD
SOL,2024-11-17,HOLD
SOL,2024-11-18,HOLD
SOL,2024-11-19,HOLD
SOL,2024-11-20,HOLD
SOL,2024-11-21,HOLD
SOL,2024-11-22,HOLD
SOL,2024-11-23,HOLD
SOL,2024-11-24,HOLD
SOL,2024-11-25,BUY
SOL,2024-11-26,HOLD
SOL,2024-11-27,HOLD
SOL,2024-11-28,HOLD
SOL,2024-11-29,HOLD
SOL,2024-11-30,HOLD
SOL,2024-12-01,HOLD
SOL,2024-12-02,HOLD
SOL,2024-12-03,HOLD
SOL,2024-12-04,HOLD
SOL,2024-12-05,HOLD
SOL,2024-12-06,HOLD
SOL,2024-12-07,HOLD
SOL,2024-12-08,HOLD
SOL,2024-12-09,HOLD
SOL,2025-01-27,SELL
SOL,2025-01-28,SELL
SOL,2025-01-29,SELL
SOL,2025-01-30,SELL
SOL,2025-01-31,SELL
SOL,2025-02-01,SELL
SOL,2025-02-02,SELL
SOL,2025-02-03,SELL
SOL,2025-02-04,SELL
SOL,2025-02-05,HOLD
SOL,2025-02-06,HOLD
SOL,2025-02-07,HOLD
SOL,2025-02-08,HOLD
SOL,2025-02-09,SELL
SOL,2025-02-10,HOLD
SOL,2025-02-11,HOLD
SOL,2025-02-12,HOLD
SOL,2025-02-13,HOLD
SOL,2025-02-14,HOLD
SOL,2025-02-15,HOLD
SOL,2025-02-16,SELL
SOL,2025-02-17,HOLD
SOL,2025-02-18,HOLD
SOL,2025-02-19,HOLD
SOL,2025-02-20,HOLD
SOL,2025-02-21,HOLD
SOL,2025-02-22,HOLD
SOL,2025-02-23,HOLD
SOL,2025-02-24,HOLD
SOL,2025-02-25,HOLD
SOL,2025-02-26,HOLD
SOL,2025-02-27,HOLD
SOL,2025-02-28,HOLD
SOL,2025-03-01,HOLD
SOL,2025-03-02,HOLD
SOL,2025-03-03,HOLD
SOL,2025-03-04,HOLD
SOL,2025-03-05,HOLD
SOL,2025-03-06,HOLD
SOL,2025-03-07,HOLD
SOL,2025-03-08,HOLD
SOL,2025-03-09,HOLD
SOL,2025-03-10,SELL
SOL,2025-03-11,SELL
SOL,2025-03-12,SELL
SOL,2025-03-13,SELL
SOL,2025-03-14,HOLD
SOL,2025-03-15,HOLD
SOL,2025-03-16,HOLD
SOL,2025-03-17,HOLD
SOL,2025-03-18,HOLD
SOL,2025-03-19,HOLD
SOL,2025-03-20,HOLD
SOL,2025-03-21,HOLD
SOL,2025-03-22,HOLD
SOL,2025-03-23,HOLD
SOL,2025-03-24,HOLD
SOL,2025-03-25,HOLD
SOL,2025-03-26,HOLD
SOL,2025-03-27,HOLD
SOL,2025-03-28,HOLD
SOL,2025-03-29,HOLD
SOL,2025-03-30,HOLD
SOL,2025-03-31,HOLD
SOL,2025-04-01,HOLD
SOL,2025-04-02,HOLD
SOL,2025-04-03,SELL
SOL,2025-04-04,HOLD
SOL,2025-04-05,SELL
SOL,2025-04-06,HOLD
SOL,2025-04-07,HOLD
SOL,2025-04-08,HOLD
SOL,2025-04-09,HOLD
SOL,2025-04-10,HOLD
SOL,2025-04-11,HOLD
SOL,2025-04-12,HOLD
SOL,2025-04-13,HOLD
SOL,2025-04-14,HOLD
SOL,2025-04-15,HOLD
SOL,2025-04-16,BUY
SOL,2025-04-17,HOLD
SOL,2025-04-18,BUY
SOL,2025-04-19,HOLD
SOL,2025-04-20,HOLD
SOL,2025-04-21,HOLD
SOL,2025-04-22,HOLD
SOL,2025-04-23,HOLD
SOL,2025-04-24,HOLD
SOL,2025-04-25,HOLD
SOL,2025-04-26,HOLD
SOL,2025-04-27,HOLD
SOL,2025-04-28,HOLD
SOL,2025-04-29,HOLD
SOL,2025-04-30,HOLD
SOL,2025-05-01,HOLD
SOL,2025-05-02,HOLD
SOL,2025-05-03,HOLD
SOL,2025-05-04,HOLD
SOL,2025-05-05,HOLD
SOL,2025-05-06,HOLD
SOL,2025-05-07,HOLD
SOL,2025-05-08,HOLD
SOL,2025-05-09,HOLD
SOL,2025-05-10,HOLD
SOL,2025-05-11,HOLD
SOL,2025-05-12,HOLD
SOL,2025-05-13,HOLD
SOL,2025-05-14,HOLD
SOL,2025-05-15,HOLD
SOL,2025-05-16,HOLD
SOL,2025-05-17,HOLD
SOL,2025-05-18,HOLD
SOL,2025-05-19,HOLD
SOL,2025-05-20,HOLD
SOL,2025-05-21,HOLD
SOL,2025-05-22,HOLD
SOL,2025-05-23,HOLD
SOL,2025-05-24,HOLD
SOL,2025-05-25,HOLD
SOL,2025-05-26,HOLD
SOL,2025-05-27,HOLD
SOL,2025-05-28,HOLD
SOL,2025-05-29,HOLD
SOL,2025-05-30,HOLD
SOL,2025-05-31,HOLD
SOL,2025-06-01,HOLD
SOL,2025-06-02,HOLD
SOL,2025-06-03,HOLD
SOL,2025-06-04,HOLD
SOL,2025-06-05,HOLD
SOL,2025-06-06,HOLD
SOL,2025-06-07,HOLD
SOL,2025-06-08,HOLD
SOL,2025-06-09,HOLD
SOL,2025-06-10,HOLD
SOL,2025-06-11,HOLD
SOL,2025-06-12,HOLD
SOL,2025-06-13,HOLD
SOL,2025-06-14,HOLD
SOL,2025-06-15,SELL
SOL,2025-06-16,SELL
SOL,2025-06-17,SELL
SOL,2025-06-18,SELL
SOL,2025-06-19,SELL
SOL,2025-06-20,SELL
SOL,2025-06-21,HOLD
SOL,2025-06-22,HOLD
SOL,2025-06-23,HOLD
SOL,2025-06-24,HOLD
SOL,2025-06-25,HOLD
SOL,2025-06-26,SELL
SOL,2025-06-27,HOLD
SOL,2025-06-28,HOLD
SOL,2025-06-29,HOLD
SOL,2025-06-30,HOLD
SOL,2025-07-01,HOLD
SOL,2025-07-02,BUY
SOL,2025-07-03,BUY
SOL,2025-07-04,BUY
SOL,2025-07-05,HOLD
SOL,2025-07-06,HOLD
SOL,2025-07-07,BUY
SOL,2025-07-08,BUY
SOL,2025-07-09,HOLD
SOL,2025-07-10,HOLD
SOL,2025-07-11,HOLD
SOL,2025-07-12,BUY
SOL,2025-07-13,BUY
SOL,2025-07-14,BUY
SOL,2025-07-15,HOLD
SOL,2025-07-16,HOLD
SOL,2025-07-17,HOLD
SOL,2025-07-18,HOLD
SOL,2025-07-19,HOLD
SOL,2025-07-20,HOLD
SOL,2025-07-21,HOLD
SOL,2025-07-22,HOLD
SOL,2025-07-23,HOLD
SOL,2025-07-24,HOLD
SOL,2025-07-25,HOLD
SOL,2025-07-26,HOLD
SOL,2025-07-27,HOLD
SOL,2025-07-28,HOLD
SOL,2025-07-29,HOLD
SOL,2025-07-30,HOLD
SOL,2025-07-31,HOLD
SOL,2025-08-01,HOLD
SOL,2025-08-02,HOLD
SOL,2025-08-03,HOLD
SOL,2025-08-04,HOLD
SOL,2025-08-05,HOLD
SOL,2025-08-06,HOLD
SOL,2025-08-07,HOLD
SOL,2025-08-08,SELL
SOL,2025-08-09,SELL
SOL,2025-08-10,HOLD
SOL,2025-08-11,HOLD
SOL,2025-08-12,BUY
SOL,2025-08-13,HOLD
SOL,2025-08-14,BUY
SOL,2025-08-15,HOLD
SOL,2025-08-16,HOLD
SOL,2025-08-17,HOLD
SOL,2025-08-18,BUY
SOL,2025-08-19,HOLD
SOL,2025-08-20,HOLD
SOL,2025-08-21,HOLD
SOL,2025-08-22,HOLD
SOL,2025-08-23,HOLD
SOL,2025-08-24,HOLD
SOL,2025-08-25,BUY
SOL,2025-08-26,BUY
SOL,2025-08-27,BUY
SOL,2025-08-28,HOLD
SOL,2025-08-29,BUY
SOL,2025-08-30,BUY
SOL,2025-08-31,BUY
SOL,2025-09-01,HOLD
SOL,2025-09-02,HOLD
SOL,2025-09-03,BUY
SOL,2025-09-04,HOLD
SOL,2025-09-05,HOLD
SOL,2025-09-06,HOLD
SOL,2025-09-07,HOLD
SOL,2025-09-08,HOLD
SOL,2025-09-09,HOLD
SOL,2025-09-10,HOLD
SOL,2025-09-11,BUY
SOL,2025-09-12,HOLD
SOL,2025-09-13,HOLD
SOL,2025-09-14,HOLD
SOL,2025-09-15,HOLD
SOL,2025-09-16,HOLD
SOL,2025-09-17,HOLD
SOL,2025-09-18,HOLD
SOL,2025-09-19,HOLD
SOL,2025-09-20,HOLD
SOL,2025-09-21,HOLD
SOL,2025-09-22,HOLD
SOL,2025-09-23,HOLD
SOL,2025-09-24,HOLD
SOL,2025-09-25,HOLD
SOL,2025-09-26,HOLD
SOL,2025-09-27,HOLD
SOL,2025-09-28,HOLD
SOL,2025-09-29,HOLD
SOL,2025-09-30,HOLD
SOL,2025-10-01,HOLD
SOL,2025-10-02,SELL
SOL,2025-10-03,HOLD
SOL,2025-10-04,HOLD
SOL,2025-10-05,HOLD
SOL,2025-10-06,BUY
SOL,2025-10-07,BUY
SOL,2025-10-08,BUY
SOL,2025-10-09,HOLD
SOL,2025-10-10,SELL
SOL,2025-10-11,HOLD
SOL,2025-10-12,SELL
SOL,2025-10-13,SELL
SOL,2025-10-14,SELL
XDC,2024-10-14,HOLD
XDC,2024-10-15,HOLD
XDC,2024-10-16,HOLD
XDC,2024-10-17,HOLD
XDC,2024-10-18,HOLD
XDC,2024-10-19,HOLD
XDC,2024-10-20,HOLD
XDC,2024-10-21,HOLD
XDC,2024-10-22,HOLD
XDC,2024-10-23,HOLD
XDC,2024-10-24,HOLD
XDC,2024-10-25,HOLD
XDC,2024-10-26,HOLD
XDC,2024-10-27,HOLD
XDC,2024-10-28,HOLD
XDC,2024-10-29,HOLD
XDC,2024-10-30,HOLD
XDC,2024-10-31,HOLD
XDC,2024-11-01,SELL
XDC,2024-11-02,SELL
XDC,2024-11-03,HOLD
XDC,2024-11-04,HOLD
XDC,2024-11-05,HOLD
XDC,2024-11-06,HOLD
XDC,2024-11-07,HOLD
XDC,2024-11-08,HOLD
XDC,2024-11-09,HOLD
XDC,2024-11-10,HOLD
XDC,2024-11-11,HOLD
XDC,2024-11-12,HOLD
XDC,2024-11-13,HOLD
XDC,2024-11-14,HOLD
XDC,2024-11-15,HOLD
XDC,2024-11-16,HOLD
XDC,2024-11-17,HOLD
XDC,2024-11-18,HOLD
XDC,2024-11-19,HOLD
XDC,2024-11-20,HOLD
XDC,2024-11-21,HOLD
XDC,2024-11-22,HOLD
XDC,2024-11-23,HOLD
XDC,2024-11-24,HOLD
XDC,2024-11-25,HOLD
XDC,2024-11-26,HOLD
XDC,2024-11-27,HOLD
XDC,2024-11-28,HOLD
XDC,2024-11-29,HOLD
XDC,2024-11-30,HOLD
XDC,2024-12-01,HOLD
XDC,2024-12-02,HOLD
XDC,2024-12-03,HOLD
XDC,2024-12-04,HOLD
XDC,2024-12-05,HOLD
XDC,2024-12-06,HOLD
XDC,2024-12-07,HOLD
XDC,2024-12-08,HOLD
XDC,2024-12-09,HOLD
XDC,2025-01-27,HOLD
XDC,2025-01-28,HOLD
XDC,2025-01-29,HOLD
XDC,2025-01-30,HOLD
XDC,2025-01-31,HOLD
XDC,2025-02-01,HOLD
XDC,2025-02-02,BUY
XDC,2025-02-03,HOLD
XDC,2025-02-04,HOLD
XDC,2025-02-05,HOLD
XDC,2025-02-06,HOLD
XDC,2025-02-07,HOLD
XDC,2025-02-08,HOLD
XDC,2025-02-09,HOLD
XDC,2025-02-10,HOLD
XDC,2025-02-11,HOLD
XDC,2025-02-12,HOLD
XDC,2025-02-13,HOLD
XDC,2025-02-14,HOLD
XDC,2025-02-15,HOLD
XDC,2025-02-16,HOLD
XDC,2025-02-17,HOLD
XDC,2025-02-18,HOLD
XDC,2025-02-19,HOLD
XDC,2025-02-20,SELL
XDC,2025-02-21,HOLD
XDC,2025-02-22,SELL
XDC,2025-02-23,SELL
XDC,2025-02-24,HOLD
XDC,2025-02-25,HOLD
XDC,2025-02-26,HOLD
XDC,2025-02-27,HOLD
XDC,2025-02-28,HOLD
XDC,2025-03-01,HOLD
XDC,2025-03-02,HOLD
XDC,2025-03-03,HOLD
XDC,2025-03-04,HOLD
XDC,2025-03-05,HOLD
XDC,2025-03-06,HOLD
XDC,2025-03-07,HOLD
XDC,2025-03-08,HOLD
XDC,2025-03-09,HOLD
XDC,2025-03-10,HOLD
XDC,2025-03-11,HOLD
XDC,2025-03-12,HOLD
XDC,2025-03-13,HOLD
XDC,2025-03-14,HOLD
XDC,2025-03-15,HOLD
XDC,2025-03-16,HOLD
XDC,2025-03-17,HOLD
XDC,2025-03-18,HOLD
XDC,2025-03-19,HOLD
XDC,2025-03-20,HOLD
XDC,2025-03-21,HOLD
XDC,2025-03-22,HOLD
XDC,2025-03-23,HOLD
XDC,2025-03-24,HOLD
XDC,2025-03-25,HOLD
XDC,2025-03-26,HOLD
XDC,2025-03-27,HOLD
XDC,2025-03-28,HOLD
XDC,2025-03-29,HOLD
XDC,2025-03-30,HOLD
XDC,2025-03-31,HOLD
XDC,2025-04-01,HOLD
XDC,2025-04-02,HOLD
XDC,2025-04-03,HOLD
XDC,2025-04-04,SELL
XDC,2025-04-05,HOLD
XDC,2025-04-06,SELL
XDC,2025-04-07,HOLD
XDC,2025-04-08,HOLD
XDC,2025-04-09,HOLD
XDC,2025-04-10,HOLD
XDC,2025-04-11,HOLD
XDC,2025-04-12,HOLD
XDC,2025-04-13,HOLD
XDC,2025-04-14,BUY
XDC,2025-04-15,BUY
XDC,2025-04-16,BUY
XDC,2025-04-17,BUY
XDC,2025-04-18,BUY
XDC,2025-04-19,BUY
XDC,2025-04-20,BUY
XDC,2025-04-21,BUY
XDC,2025-04-22,HOLD
XDC,2025-04-23,HOLD
XDC,2025-04-24,HOLD
XDC,2025-04-25,BUY
XDC,2025-04-26,BUY
XDC,2025-04-27,BUY
XDC,2025-04-28,HOLD
XDC,2025-04-29,HOLD
XDC,2025-04-30,HOLD
XDC,2025-05-01,HOLD
XDC,2025-05-02,HOLD
XDC,2025-05-03,BUY
XDC,2025-05-04,HOLD
XDC,2025-05-05,HOLD
XDC,2025-05-06,HOLD
XDC,2025-05-07,HOLD
XDC,2025-05-08,SELL
XDC,2025-05-09,SELL
XDC,2025-05-10,BUY
XDC,2025-05-11,HOLD
XDC,2025-05-12,HOLD
XDC,2025-05-13,HOLD
XDC,2025-05-14,HOLD
XDC,2025-05-15,HOLD
XDC,2025-05-16,HOLD
XDC,2025-05-17,SELL
XDC,2025-05-18,SELL
XDC,2025-05-19,SELL
XDC,2025-05-20,SELL
XDC,2025-05-21,SELL
XDC,2025-05-22,HOLD
XDC,2025-05-23,HOLD
XDC,2025-05-24,HOLD
XDC,2025-05-25,HOLD
XDC,2025-05-26,HOLD
XDC,2025-05-27,HOLD
XDC,2025-05-28,HOLD
XDC,2025-05-29,HOLD
XDC,2025-05-30,HOLD
XDC,2025-05-31,HOLD
XDC,2025-06-01,HOLD
XDC,2025-06-02,HOLD
XDC,2025-06-03,HOLD
XDC,2025-06-04,HOLD
XDC,2025-06-05,HOLD
XDC,2025-06-06,HOLD
XDC,2025-06-07,HOLD
XDC,2025-06-08,HOLD
XDC,2025-06-09,HOLD
XDC,2025-06-10,HOLD
XDC,2025-06-11,HOLD
XDC,2025-06-12,HOLD
XDC,2025-06-13,HOLD
XDC,2025-06-14,HOLD
XDC,2025-06-15,HOLD
XDC,2025-06-16,HOLD
XDC,2025-06-17,HOLD
XDC,2025-06-18,HOLD
XDC,2025-06-19,SELL
XDC,2025-06-20,HOLD
XDC,2025-06-21,HOLD
XDC,2025-06-22,HOLD
XDC,2025-06-23,SELL
XDC,2025-06-24,HOLD
XDC,2025-06-25,HOLD
XDC,2025-06-26,HOLD
XDC,2025-06-27,HOLD
XDC,2025-06-28,HOLD
XDC,2025-06-29,HOLD
XDC,2025-06-30,HOLD
XDC,2025-07-01,HOLD
XDC,2025-07-02,HOLD
XDC,2025-07-03,HOLD
XDC,2025-07-04,HOLD
XDC,2025-07-05,HOLD
XDC,2025-07-06,HOLD
XDC,2025-07-07,HOLD
XDC,2025-07-08,HOLD
XDC,2025-07-09,HOLD
XDC,2025-07-10,HOLD
XDC,2025-07-11,HOLD
XDC,2025-07-12,HOLD
XDC,2025-07-13,HOLD
XDC,2025-07-14,HOLD
XDC,2025-07-15,HOLD
XDC,2025-07-16,HOLD
XDC,2025-07-17,HOLD
XDC,2025-07-18,HOLD
XDC,2025-07-19,HOLD
XDC,2025-07-20,HOLD
XDC,2025-07-21,HOLD
XDC,2025-07-22,HOLD
XDC,2025-07-23,HOLD
XDC,2025-07-24,BUY
XDC,2025-07-25,BUY
XDC,2025-07-26,HOLD
XDC,2025-07-27,HOLD
XDC,2025-07-28,HOLD
XDC,2025-07-29,HOLD
XDC,2025-07-30,HOLD
XDC,2025-07-31,HOLD
XDC,2025-08-01,BUY
XDC,2025-08-02,HOLD
XDC,2025-08-03,HOLD
XDC,2025-08-04,HOLD
XDC,2025-08-05,HOLD
XDC,2025-08-06,HOLD
XDC,2025-08-07,HOLD
XDC,2025-08-08,HOLD
XDC,2025-08-09,HOLD
XDC,2025-08-10,HOLD
XDC,2025-08-11,HOLD
XDC,2025-08-12,HOLD
XDC,2025-08-13,SELL
XDC,2025-08-14,HOLD
XDC,2025-08-15,HOLD
XDC,2025-08-16,SELL
XDC,2025-08-17,HOLD
XDC,2025-08-18,HOLD
XDC,2025-08-19,HOLD
XDC,2025-08-20,HOLD
XDC,2025-08-21,HOLD
XDC,2025-08-22,HOLD
XDC,2025-08-23,HOLD
XDC,2025-08-24,HOLD
XDC,2025-08-25,HOLD
XDC,2025-08-26,HOLD
XDC,2025-08-27,HOLD
XDC,2025-08-28,HOLD
XDC,2025-08-29,HOLD
XDC,2025-08-30,HOLD
XDC,2025-08-31,HOLD
XDC,2025-09-01,HOLD
XDC,2025-09-02,SELL
XDC,2025-09-03,SELL
XDC,2025-09-04,SELL
XDC,2025-09-05,HOLD
XDC,2025-09-06,HOLD
XDC,2025-09-07,HOLD
XDC,2025-09-08,HOLD
XDC,2025-09-09,HOLD
XDC,2025-09-10,HOLD
XDC,2025-09-11,HOLD
XDC,2025-09-12,HOLD
XDC,2025-09-13,HOLD
XDC,2025-09-14,HOLD
XDC,2025-09-15,HOLD
XDC,2025-09-16,HOLD
XDC,2025-09-17,HOLD
XDC,2025-09-18,HOLD
XDC,2025-09-19,HOLD
XDC,2025-09-20,HOLD
XDC,2025-09-21,HOLD
XDC,2025-09-22,HOLD
XDC,2025-09-23,HOLD
XDC,2025-09-24,HOLD
XDC,2025-09-25,SELL
XDC,2025-09-26,SELL
XDC,2025-09-27,HOLD
XDC,2025-09-28,SELL
XDC,2025-09-29,SELL
XDC,2025-09-30,SELL
XDC,2025-10-01,SELL
XDC,2025-10-02,HOLD
XDC,2025-10-03,HOLD
XDC,2025-10-04,HOLD
XDC,2025-10-05,HOLD
XDC,2025-10-06,HOLD
XDC,2025-10-07,HOLD
XDC,2025-10-08,HOLD
XDC,2025-10-09,HOLD
XDC,2025-10-10,HOLD
XDC,2025-10-11,HOLD
XDC,2025-10-12,HOLD
XDC,2025-10-13,HOLD
XDC,2025-10-14,HOLD
XLM,2024-10-14,HOLD
XLM,2024-10-15,HOLD
XLM,2024-10-16,HOLD
XLM,2024-10-17,HOLD
XLM,2024-10-18,HOLD
XLM,2024-10-19,HOLD
XLM,2024-10-20,HOLD
XLM,2024-10-21,HOLD
XLM,2024-10-22,HOLD
XLM,2024-10-23,HOLD
XLM,2024-10-24,HOLD
XLM,2024-10-25,BUY
XLM,2024-10-26,BUY
XLM,2024-10-27,HOLD
XLM,2024-10-28,HOLD
XLM,2024-10-29,HOLD
XLM,2024-10-30,BUY
XLM,2024-10-31,HOLD
XLM,2024-11-01,HOLD
XLM,2024-11-02,HOLD
XLM,2024-11-03,HOLD
XLM,2024-11-04,HOLD
XLM,2024-11-05,SELL
XLM,2024-11-06,HOLD
XLM,2024-11-07,HOLD
XLM,2024-11-08,HOLD
XLM,2024-11-09,HOLD
XLM,2024-11-10,HOLD
XLM,2024-11-11,HOLD
XLM,2024-11-12,HOLD
XLM,2024-11-13,HOLD
XLM,2024-11-14,HOLD
XLM,2024-11-15,HOLD
XLM,2024-11-16,HOLD
XLM,2024-11-17,HOLD
XLM,2024-11-18,HOLD
XLM,2024-11-19,HOLD
XLM,2024-11-20,HOLD
XLM,2024-11-21,HOLD
XLM,2024-11-22,HOLD
XLM,2024-11-23,HOLD
XLM,2024-11-24,HOLD
XLM,2024-11-25,HOLD
XLM,2024-11-26,HOLD
XLM,2024-11-27,HOLD
XLM,2024-11-28,HOLD
XLM,2024-11-29,HOLD
XLM,2024-11-30,HOLD
XLM,2024-12-01,HOLD
XLM,2024-12-02,HOLD
XLM,2024-12-03,HOLD
XLM,2024-12-04,HOLD
XLM,2024-12-05,HOLD
XLM,2024-12-06,HOLD
XLM,2024-12-07,HOLD
XLM,2024-12-08,HOLD
XLM,2024-12-09,HOLD
XLM,2025-01-27,HOLD
XLM,2025-01-28,HOLD
XLM,2025-01-29,HOLD
XLM,2025-01-30,HOLD
XLM,2025-01-31,HOLD
XLM,2025-02-01,HOLD
XLM,2025-02-02,HOLD
XLM,2025-02-03,HOLD
XLM,2025-02-04,HOLD
XLM,2025-02-05,HOLD
XLM,2025-02-06,HOLD
XLM,2025-02-07,HOLD
XLM,2025-02-08,HOLD
XLM,2025-02-09,HOLD
XLM,2025-02-10,HOLD
XLM,2025-02-11,HOLD
XLM,2025-02-12,HOLD
XLM,2025-02-13,HOLD
XLM,2025-02-14,HOLD
XLM,2025-02-15,HOLD
XLM,2025-02-16,SELL
XLM,2025-02-17,HOLD
XLM,2025-02-18,SELL
XLM,2025-02-19,SELL
XLM,2025-02-20,HOLD
XLM,2025-02-21,HOLD
XLM,2025-02-22,HOLD
XLM,2025-02-23,HOLD
XLM,2025-02-24,SELL
XLM,2025-02-25,SELL
XLM,2025-02-26,HOLD
XLM,2025-02-27,HOLD
XLM,2025-02-28,HOLD
XLM,2025-03-01,SELL
XLM,2025-03-02,HOLD
XLM,2025-03-03,HOLD
XLM,2025-03-04,HOLD
XLM,2025-03-05,HOLD
XLM,2025-03-06,HOLD
XLM,2025-03-07,SELL
XLM,2025-03-08,HOLD
XLM,2025-03-09,HOLD
XLM,2025-03-10,HOLD
XLM,2025-03-11,SELL
XLM,2025-03-12,SELL
XLM,2025-03-13,SELL
XLM,2025-03-14,SELL
XLM,2025-03-15,HOLD
XLM,2025-03-16,HOLD
XLM,2025-03-17,HOLD
XLM,2025-03-18,HOLD
XLM,2025-03-19,HOLD
XLM,2025-03-20,HOLD
XLM,2025-03-21,HOLD
XLM,2025-03-22,HOLD
XLM,2025-03-23,HOLD
XLM,2025-03-24,HOLD
XLM,2025-03-25,HOLD
XLM,2025-03-26,HOLD
XLM,2025-03-27,BUY
XLM,2025-03-28,BUY
XLM,2025-03-29,HOLD
XLM,2025-03-30,HOLD
XLM,2025-03-31,HOLD
XLM,2025-04-01,HOLD
XLM,2025-04-02,HOLD
XLM,2025-04-03,HOLD
XLM,2025-04-04,SELL
XLM,2025-04-05,HOLD
XLM,2025-04-06,HOLD
XLM,2025-04-07,HOLD
XLM,2025-04-08,HOLD
XLM,2025-04-09,HOLD
XLM,2025-04-10,HOLD
XLM,2025-04-11,HOLD
XLM,2025-04-12,SELL
XLM,2025-04-13,HOLD
XLM,2025-04-14,HOLD
XLM,2025-04-15,HOLD
XLM,2025-04-16,HOLD
XLM,2025-04-17,HOLD
XLM,2025-04-18,HOLD
XLM,2025-04-19,HOLD
XLM,2025-04-20,HOLD
XLM,2025-04-21,HOLD
XLM,2025-04-22,HOLD
XLM,2025-04-23,HOLD
XLM,2025-04-24,HOLD
XLM,2025-04-25,HOLD
XLM,2025-04-26,HOLD
XLM,2025-04-27,HOLD
XLM,2025-04-28,HOLD
XLM,2025-04-29,HOLD
XLM,2025-04-30,HOLD
XLM,2025-05-01,HOLD
XLM,2025-05-02,HOLD
XLM,2025-05-03,HOLD
XLM,2025-05-04,HOLD
XLM,2025-05-05,HOLD
XLM,2025-05-06,HOLD
XLM,2025-05-07,HOLD
XLM,2025-05-08,HOLD
XLM,2025-05-09,BUY
XLM,2025-05-10,HOLD
XLM,2025-05-11,HOLD
XLM,2025-05-12,HOLD
XLM,2025-05-13,HOLD
XLM,2025-05-14,HOLD
XLM,2025-05-15,BUY
XLM,2025-05-16,HOLD
XLM,2025-05-17,HOLD
XLM,2025-05-18,HOLD
XLM,2025-05-19,HOLD
XLM,2025-05-20,HOLD
XLM,2025-05-21,HOLD
XLM,2025-05-22,HOLD
XLM,2025-05-23,HOLD
XLM,2025-05-24,HOLD
XLM,2025-05-25,HOLD
XLM,2025-05-26,HOLD
XLM,2025-05-27,HOLD
XLM,2025-05-28,HOLD
XLM,2025-05-29,HOLD
XLM,2025-05-30,HOLD
XLM,2025-05-31,HOLD
XLM,2025-06-01,HOLD
XLM,2025-06-02,HOLD
XLM,2025-06-03,HOLD
XLM,2025-06-04,HOLD
XLM,2025-06-05,HOLD
XLM,2025-06-06,HOLD
XLM,2025-06-07,HOLD
XLM,2025-06-08,HOLD
XLM,2025-06-09,HOLD
XLM,2025-06-10,HOLD
XLM,2025-06-11,HOLD
XLM,2025-06-12,HOLD
XLM,2025-06-13,SELL
XLM,2025-06-14,SELL
XLM,2025-06-15,SELL
XLM,2025-06-16,SELL
XLM,2025-06-17,HOLD
XLM,2025-06-18,SELL
XLM,2025-06-19,SELL
XLM,2025-06-20,HOLD
XLM,2025-06-21,HOLD
XLM,2025-06-22,HOLD
XLM,2025-06-23,HOLD
XLM,2025-06-24,HOLD
XLM,2025-06-25,HOLD
XLM,2025-06-26,HOLD
XLM,2025-06-27,HOLD
XLM,2025-06-28,SELL
XLM,2025-06-29,HOLD
XLM,2025-06-30,HOLD
XLM,2025-07-01,HOLD
XLM,2025-07-02,HOLD
XLM,2025-07-03,HOLD
XLM,2025-07-04,HOLD
XLM,2025-07-05,HOLD
XLM,2025-07-06,HOLD
XLM,2025-07-07,HOLD
XLM,2025-07-08,HOLD
XLM,2025-07-09,HOLD
XLM,2025-07-10,HOLD
XLM,2025-07-11,HOLD
XLM,2025-07-12,HOLD
XLM,2025-07-13,HOLD
XLM,2025-07-14,HOLD
XLM,2025-07-15,HOLD
XLM,2025-07-16,HOLD
XLM,2025-07-17,HOLD
XLM,2025-07-18,HOLD
XLM,2025-07-19,HOLD
XLM,2025-07-20,HOLD
XLM,2025-07-21,HOLD
XLM,2025-07-22,HOLD
XLM,2025-07-23,HOLD
XLM,2025-07-24,HOLD
XLM,2025-07-25,HOLD
XLM,2025-07-26,HOLD
XLM,2025-07-27,HOLD
XLM,2025-07-28,HOLD
XLM,2025-07-29,HOLD
XLM,2025-07-30,HOLD
XLM,2025-07-31,HOLD
XLM,2025-08-01,HOLD
XLM,2025-08-02,HOLD
XLM,2025-08-03,HOLD
XLM,2025-08-04,HOLD
XLM,2025-08-05,HOLD
XLM,2025-08-06,SELL
XLM,2025-08-07,SELL
XLM,2025-08-08,SELL
XLM,2025-08-09,SELL
XLM,2025-08-10,SELL
XLM,2025-08-11,SELL
XLM,2025-08-12,BUY
XLM,2025-08-13,HOLD
XLM,2025-08-14,HOLD
XLM,2025-08-15,HOLD
XLM,2025-08-16,HOLD
XLM,2025-08-17,HOLD
XLM,2025-08-18,HOLD
XLM,2025-08-19,SELL
XLM,2025-08-20,SELL
XLM,2025-08-21,HOLD
XLM,2025-08-22,SELL
XLM,2025-08-23,SELL
XLM,2025-08-24,SELL
XLM,2025-08-25,HOLD
XLM,2025-08-26,HOLD
XLM,2025-08-27,HOLD
XLM,2025-08-28,HOLD
XLM,2025-08-29,HOLD
XLM,2025-08-30,HOLD
XLM,2025-08-31,HOLD
XLM,2025-09-01,HOLD
XLM,2025-09-02,SELL
XLM,2025-09-03,HOLD
XLM,2025-09-04,HOLD
XLM,2025-09-05,HOLD
XLM,2025-09-06,HOLD
XLM,2025-09-07,HOLD
XLM,2025-09-08,HOLD
XLM,2025-09-09,HOLD
XLM,2025-09-10,HOLD
XLM,2025-09-11,HOLD
XLM,2025-09-12,HOLD
XLM,2025-09-13,HOLD
XLM,2025-09-14,HOLD
XLM,2025-09-15,HOLD
XLM,2025-09-16,BUY
XLM,2025-09-17,HOLD
XLM,2025-09-18,HOLD
XLM,2025-09-19,HOLD
XLM,2025-09-20,HOLD
XLM,2025-09-21,BUY
XLM,2025-09-22,BUY
XLM,2025-09-23,HOLD
XLM,2025-09-24,HOLD
XLM,2025-09-25,HOLD
XLM,2025-09-26,HOLD
XLM,2025-09-27,HOLD
XLM,2025-09-28,HOLD
XLM,2025-09-29,SELL
XLM,2025-09-30,SELL
XLM,2025-10-01,HOLD
XLM,2025-10-02,HOLD
XLM,2025-10-03,BUY
XLM,2025-10-04,BUY
XLM,2025-10-05,BUY
XLM,2025-10-06,HOLD
XLM,2025-10-07,BUY
XLM,2025-10-08,BUY
XLM,2025-10-09,BUY
XLM,2025-10-10,HOLD
XLM,2025-10-11,SELL
XLM,2025-10-12,SELL
XLM,2025-10-13,SELL
XLM,2025-10-14,SELL
XRP,2024-10-14,HOLD
XRP,2024-10-15,HOLD
XRP,2024-10-16,HOLD
XRP,2024-10-17,HOLD
XRP,2024-10-18,HOLD
XRP,2024-10-19,HOLD
XRP,2024-10-20,HOLD
XRP,2024-10-21,HOLD
XRP,2024-10-22,HOLD
XRP,2024-10-23,HOLD
XRP,2024-10-24,HOLD
XRP,2024-10-25,HOLD
XRP,2024-10-26,HOLD
XRP,2024-10-27,SELL
XRP,2024-10-28,HOLD
XRP,2024-10-29,SELL
XRP,2024-10-30,HOLD
XRP,2024-10-31,HOLD
XRP,2024-11-01,HOLD
XRP,2024-11-02,HOLD
XRP,2024-11-03,HOLD
XRP,2024-11-04,HOLD
XRP,2024-11-05,HOLD
XRP,2024-11-06,HOLD
XRP,2024-11-07,HOLD
XRP,2024-11-08,HOLD
XRP,2024-11-09,HOLD
XRP,2024-11-10,HOLD
XRP,2024-11-11,HOLD
XRP,2024-11-12,HOLD
XRP,2024-11-13,HOLD
XRP,2024-11-14,HOLD
XRP,2024-11-15,HOLD
XRP,2024-11-16,HOLD
XRP,2024-11-17,HOLD
XRP,2024-11-18,HOLD
XRP,2024-11-19,HOLD
XRP,2024-11-20,HOLD
XRP,2024-11-21,HOLD
XRP,2024-11-22,HOLD
XRP,2024-11-23,HOLD
XRP,2024-11-24,HOLD
XRP,2024-11-25,HOLD
XRP,2024-11-26,HOLD
XRP,2024-11-27,HOLD
XRP,2024-11-28,HOLD
XRP,2024-11-29,HOLD
XRP,2024-11-30,HOLD
XRP,2024-12-01,HOLD
XRP,2024-12-02,HOLD
XRP,2024-12-03,HOLD
XRP,2024-12-04,HOLD
XRP,2024-12-05,HOLD
XRP,2024-12-06,HOLD
XRP,2024-12-07,HOLD
XRP,2024-12-08,HOLD
XRP,2024-12-09,HOLD
XRP,2025-01-27,HOLD
XRP,2025-01-28,HOLD
XRP,2025-01-29,HOLD
XRP,2025-01-30,HOLD
XRP,2025-01-31,HOLD
XRP,2025-02-01,HOLD
XRP,2025-02-02,HOLD
XRP,2025-02-03,HOLD
XRP,2025-02-04,HOLD
XRP,2025-02-05,HOLD
XRP,2025-02-06,HOLD
XRP,2025-02-07,HOLD
XRP,2025-02-08,HOLD
XRP,2025-02-09,HOLD
XRP,2025-02-10,HOLD
XRP,2025-02-11,HOLD
XRP,2025-02-12,HOLD
XRP,2025-02-13,HOLD
XRP,2025-02-14,HOLD
XRP,2025-02-15,SELL
XRP,2025-02-16,SELL
XRP,2025-02-17,SELL
XRP,2025-02-18,HOLD
XRP,2025-02-19,HOLD
XRP,2025-02-20,HOLD
XRP,2025-02-21,HOLD
XRP,2025-02-22,HOLD
XRP,2025-02-23,SELL
XRP,2025-02-24,SELL
XRP,2025-02-25,SELL
XRP,2025-02-26,SELL
XRP,2025-02-27,HOLD
XRP,2025-02-28,HOLD
XRP,2025-03-01,HOLD
XRP,2025-03-02,SELL
XRP,2025-03-03,SELL
XRP,2025-03-04,SELL
XRP,2025-03-05,SELL
XRP,2025-03-06,HOLD
XRP,2025-03-07,HOLD
XRP,2025-03-08,HOLD
XRP,2025-03-09,SELL
XRP,2025-03-10,SELL
XRP,2025-03-11,SELL
XRP,2025-03-12,SELL
XRP,2025-03-13,SELL
XRP,2025-03-14,SELL
XRP,2025-03-15,SELL
XRP,2025-03-16,HOLD
XRP,2025-03-17,HOLD
XRP,2025-03-18,HOLD
XRP,2025-03-19,HOLD
XRP,2025-03-20,HOLD
XRP,2025-03-21,BUY
XRP,2025-03-22,BUY
XRP,2025-03-23,HOLD
XRP,2025-03-24,HOLD
XRP,2025-03-25,HOLD
XRP,2025-03-26,BUY
XRP,2025-03-27,BUY
XRP,2025-03-28,HOLD
XRP,2025-03-29,HOLD
XRP,2025-03-30,SELL
XRP,2025-03-31,HOLD
XRP,2025-04-01,SELL
XRP,2025-04-02,HOLD
XRP,2025-04-03,HOLD
XRP,2025-04-04,HOLD
XRP,2025-04-05,HOLD
XRP,2025-04-06,HOLD
XRP,2025-04-07,HOLD
XRP,2025-04-08,HOLD
XRP,2025-04-09,HOLD
XRP,2025-04-10,HOLD
XRP,2025-04-11,SELL
XRP,2025-04-12,HOLD
XRP,2025-04-13,HOLD
XRP,2025-04-14,HOLD
XRP,2025-04-15,HOLD
XRP,2025-04-16,HOLD
XRP,2025-04-17,HOLD
XRP,2025-04-18,HOLD
XRP,2025-04-19,HOLD
XRP,2025-04-20,HOLD
XRP,2025-04-21,HOLD
XRP,2025-04-22,HOLD
XRP,2025-04-23,HOLD
XRP,2025-04-24,HOLD
XRP,2025-04-25,HOLD
XRP,2025-04-26,BUY
XRP,2025-04-27,HOLD
XRP,2025-04-28,HOLD
XRP,2025-04-29,HOLD
XRP,2025-04-30,BUY
XRP,2025-05-01,HOLD
XRP,2025-05-02,HOLD
XRP,2025-05-03,HOLD
XRP,2025-05-04,HOLD
XRP,2025-05-05,HOLD
XRP,2025-05-06,HOLD
XRP,2025-05-07,HOLD
XRP,2025-05-08,BUY
XRP,2025-05-09,HOLD
XRP,2025-05-10,HOLD
XRP,2025-05-11,BUY
XRP,2025-05-12,HOLD
XRP,2025-05-13,HOLD
XRP,2025-05-14,HOLD
XRP,2025-05-15,HOLD
XRP,2025-05-16,HOLD
XRP,2025-05-17,BUY
XRP,2025-05-18,HOLD
XRP,2025-05-19,HOLD
XRP,2025-05-20,HOLD
XRP,2025-05-21,HOLD
XRP,2025-05-22,HOLD
XRP,2025-05-23,HOLD
XRP,2025-05-24,HOLD
XRP,2025-05-25,HOLD
XRP,2025-05-26,HOLD
XRP,2025-05-27,HOLD
XRP,2025-05-28,HOLD
XRP,2025-05-29,HOLD
XRP,2025-05-30,HOLD
XRP,2025-05-31,HOLD
XRP,2025-06-01,HOLD
XRP,2025-06-02,HOLD
XRP,2025-06-03,HOLD
XRP,2025-06-04,HOLD
XRP,2025-06-05,HOLD
XRP,2025-06-06,HOLD
XRP,2025-06-07,HOLD
XRP,2025-06-08,SELL
XRP,2025-06-09,HOLD
XRP,2025-06-10,HOLD
XRP,2025-06-11,HOLD
XRP,2025-06-12,HOLD
XRP,2025-06-13,SELL
XRP,2025-06-14,SELL
XRP,2025-06-15,SELL
XRP,2025-06-16,HOLD
XRP,2025-06-17,SELL
XRP,2025-06-18,SELL
XRP,2025-06-19,SELL
XRP,2025-06-20,SELL
XRP,2025-06-21,SELL
XRP,2025-06-22,HOLD
XRP,2025-06-23,HOLD
XRP,2025-06-24,SELL
XRP,2025-06-25,HOLD
XRP,2025-06-26,HOLD
XRP,2025-06-27,HOLD
XRP,2025-06-28,HOLD
XRP,2025-06-29,HOLD
XRP,2025-06-30,BUY
XRP,2025-07-01,BUY
XRP,2025-07-02,BUY
XRP,2025-07-03,BUY
XRP,2025-07-04,BUY
XRP,2025-07-05,HOLD
XRP,2025-07-06,HOLD
XRP,2025-07-07,HOLD
XRP,2025-07-08,BUY
XRP,2025-07-09,HOLD
XRP,2025-07-10,HOLD
XRP,2025-07-11,HOLD
XRP,2025-07-12,HOLD
XRP,2025-07-13,HOLD
XRP,2025-07-14,HOLD
XRP,2025-07-15,HOLD
XRP,2025-07-16,HOLD
XRP,2025-07-17,HOLD
XRP,2025-07-18,HOLD
XRP,2025-07-19,HOLD
XRP,2025-07-20,HOLD
XRP,2025-07-21,HOLD
XRP,2025-07-22,HOLD
XRP,2025-07-23,HOLD
XRP,2025-07-24,HOLD
XRP,2025-07-25,HOLD
XRP,2025-07-26,HOLD
XRP,2025-07-27,HOLD
XRP,2025-07-28,HOLD
XRP,2025-07-29,HOLD
XRP,2025-07-30,HOLD
XRP,2025-07-31,HOLD
XRP,2025-08-01,HOLD
XRP,2025-08-02,HOLD
XRP,2025-08-03,HOLD
XRP,2025-08-04,HOLD
XRP,2025-08-05,HOLD
XRP,2025-08-06,SELL
XRP,2025-08-07,SELL
XRP,2025-08-08,SELL
XRP,2025-08-09,SELL
XRP,2025-08-10,SELL
XRP,2025-08-11,SELL
XRP,2025-08-12,HOLD
XRP,2025-08-13,HOLD
XRP,2025-08-14,HOLD
XRP,2025-08-15,SELL
XRP,2025-08-16,SELL
XRP,2025-08-17,SELL
XRP,2025-08-18,SELL
XRP,2025-08-19,SELL
XRP,2025-08-20,SELL
XRP,2025-08-21,HOLD
XRP,2025-08-22,SELL
XRP,2025-08-23,SELL
XRP,2025-08-24,SELL
XRP,2025-08-25,HOLD
XRP,2025-08-26,SELL
XRP,2025-08-27,HOLD
XRP,2025-08-28,SELL
XRP,2025-08-29,HOLD
XRP,2025-08-30,HOLD
XRP,2025-08-31,HOLD
XRP,2025-09-01,HOLD
XRP,2025-09-02,SELL
XRP,2025-09-03,SELL
XRP,2025-09-04,SELL
XRP,2025-09-05,HOLD
XRP,2025-09-06,HOLD
XRP,2025-09-07,SELL
XRP,2025-09-08,HOLD
XRP,2025-09-09,HOLD
XRP,2025-09-10,HOLD
XRP,2025-09-11,HOLD
XRP,2025-09-12,HOLD
XRP,2025-09-13,HOLD
XRP,2025-09-14,HOLD
XRP,2025-09-15,HOLD
XRP,2025-09-16,HOLD
XRP,2025-09-17,HOLD
XRP,2025-09-18,HOLD
XRP,2025-09-19,HOLD
XRP,2025-09-20,HOLD
XRP,2025-09-21,BUY
XRP,2025-09-22,HOLD
XRP,2025-09-23,HOLD
XRP,2025-09-24,HOLD
XRP,2025-09-25,HOLD
XRP,2025-09-26,HOLD
XRP,2025-09-27,HOLD
XRP,2025-09-28,HOLD
XRP,2025-09-29,SELL
XRP,2025-09-30,HOLD
XRP,2025-10-01,SELL
XRP,2025-10-02,HOLD
XRP,2025-10-03,HOLD
XRP,2025-10-04,HOLD
XRP,2025-10-05,BUY
XRP,2025-10-06,BUY
XRP,2025-10-07,BUY
XRP,2025-10-08,BUY
XRP,2025-10-09,SELL
XRP,2025-10-10,HOLD
XRP,2025-10-11,HOLD
XRP,2025-10-12,HOLD
XRP,2025-10-13,HOLD
XRP,2025-10-14,HOLD
